北京,https://m.mafengwo.cn/gonglve/ziyouxing/94118.html
北京,https://m.mafengwo.cn/gonglve/ziyouxing/606.html
北京,https://m.mafengwo.cn/gonglve/ziyouxing/260812.html
北京,https://m.mafengwo.cn/gonglve/ziyouxing/68174.html
北京,https://m.mafengwo.cn/gonglve/ziyouxing/34599.html
北京,https://m.mafengwo.cn/gonglve/ziyouxing/36217.html
北京,https://m.mafengwo.cn/gonglve/ziyouxing/217408.html
北京,https://m.mafengwo.cn/gonglve/ziyouxing/146998.html
北京,https://m.mafengwo.cn/gonglve/ziyouxing/145339.html
北京,https://m.mafengwo.cn/gonglve/ziyouxing/94330.html
北京,https://m.mafengwo.cn/gonglve/ziyouxing/34122.html
北京,https://m.mafengwo.cn/gonglve/ziyouxing/114290.html
北京,https://m.mafengwo.cn/gonglve/ziyouxing/33294.html
北京,https://m.mafengwo.cn/gonglve/ziyouxing/46844.html
北京,https://m.mafengwo.cn/gonglve/ziyouxing/102318.html
北京,https://m.mafengwo.cn/gonglve/ziyouxing/240205.html
北京,https://m.mafengwo.cn/gonglve/ziyouxing/93474.html
北京,https://m.mafengwo.cn/gonglve/ziyouxing/33384.html
北京,https://m.mafengwo.cn/gonglve/ziyouxing/33354.html
北京,https://m.mafengwo.cn/gonglve/ziyouxing/51708.html
北京,https://m.mafengwo.cn/gonglve/ziyouxing/99466.html
北京,https://m.mafengwo.cn/gonglve/ziyouxing/231364.html
北京,https://m.mafengwo.cn/gonglve/ziyouxing/932.html
北京,https://m.mafengwo.cn/gonglve/ziyouxing/108958.html
北京,https://m.mafengwo.cn/gonglve/ziyouxing/98738.html
北京,https://m.mafengwo.cn/gonglve/ziyouxing/516.html
北京,https://m.mafengwo.cn/gonglve/ziyouxing/10851.html
北京,https://m.mafengwo.cn/gonglve/ziyouxing/564.html
北京,https://m.mafengwo.cn/gonglve/ziyouxing/135865.html
北京,https://m.mafengwo.cn/gonglve/ziyouxing/642.html
北京,https://m.mafengwo.cn/gonglve/ziyouxing/3137.html
北京,https://m.mafengwo.cn/gonglve/ziyouxing/137377.html
北京,https://m.mafengwo.cn/gonglve/ziyouxing/114870.html
北京,https://m.mafengwo.cn/gonglve/ziyouxing/32070.html
北京,https://m.mafengwo.cn/gonglve/ziyouxing/53468.html
北京,https://m.mafengwo.cn/gonglve/ziyouxing/39070.html
北京,https://m.mafengwo.cn/gonglve/ziyouxing/36565.html
北京,https://m.mafengwo.cn/gonglve/ziyouxing/36481.html
北京,https://m.mafengwo.cn/gonglve/ziyouxing/839.html
北京,https://m.mafengwo.cn/gonglve/ziyouxing/37534.html
北京,https://m.mafengwo.cn/gonglve/ziyouxing/108746.html
北京,https://m.mafengwo.cn/gonglve/ziyouxing/37063.html
北京,https://m.mafengwo.cn/gonglve/ziyouxing/138991.html
北京,https://m.mafengwo.cn/gonglve/ziyouxing/94090.html
北京,https://m.mafengwo.cn/gonglve/ziyouxing/93146.html
北京,https://m.mafengwo.cn/gonglve/ziyouxing/106134.html
北京,https://m.mafengwo.cn/gonglve/ziyouxing/225244.html
北京,https://m.mafengwo.cn/gonglve/ziyouxing/106234.html
北京,https://m.mafengwo.cn/gonglve/ziyouxing/105810.html
北京,https://m.mafengwo.cn/gonglve/ziyouxing/887.html
北京,https://m.mafengwo.cn/gonglve/ziyouxing/253291.html
北京,https://m.mafengwo.cn/gonglve/ziyouxing/130002.html
北京,https://m.mafengwo.cn/gonglve/ziyouxing/87930.html
北京,https://m.mafengwo.cn/gonglve/ziyouxing/108682.html
北京,https://m.mafengwo.cn/gonglve/ziyouxing/232696.html
北京,https://m.mafengwo.cn/gonglve/ziyouxing/194170.html
北京,https://m.mafengwo.cn/gonglve/ziyouxing/251098.html
北京,https://m.mafengwo.cn/gonglve/ziyouxing/94118.html
北京,http://www.mafengwo.cn/gonglve/ziyouxing/606.html
北京,http://www.mafengwo.cn/gonglve/ziyouxing/606.html
北京,http://www.mafengwo.cn/gonglve/ziyouxing/606.html
北京,http://www.mafengwo.cn/gonglve/ziyouxing/146860.html
北京,http://www.mafengwo.cn/gonglve/ziyouxing/146860.html
北京,http://www.mafengwo.cn/gonglve/ziyouxing/146860.html
北京,http://www.mafengwo.cn/gonglve/ziyouxing/167959.html
北京,http://www.mafengwo.cn/gonglve/ziyouxing/167959.html
北京,http://www.mafengwo.cn/gonglve/ziyouxing/167959.html
上海,https://m.mafengwo.cn/gonglve/ziyouxing/94178.html
上海,https://m.mafengwo.cn/gonglve/ziyouxing/94190.html
上海,http://www.mafengwo.cn/gonglve/ziyouxing/94190.html
上海,http://www.mafengwo.cn/gonglve/ziyouxing/94190.html
上海,http://www.mafengwo.cn/gonglve/ziyouxing/94190.html
上海,http://www.mafengwo.cn/gonglve/ziyouxing/261094.html
上海,http://www.mafengwo.cn/gonglve/ziyouxing/261094.html
上海,http://www.mafengwo.cn/gonglve/ziyouxing/261094.html
上海,http://www.mafengwo.cn/gonglve/ziyouxing/447.html
上海,http://www.mafengwo.cn/gonglve/ziyouxing/447.html
上海,http://www.mafengwo.cn/gonglve/ziyouxing/447.html
重庆,https://m.mafengwo.cn/gonglve/ziyouxing/274513.html
重庆,https://m.mafengwo.cn/gonglve/ziyouxing/223150.html
重庆,https://m.mafengwo.cn/gonglve/ziyouxing/254110.html
重庆,https://m.mafengwo.cn/gonglve/ziyouxing/37408.html?cid=1010616
重庆,https://m.mafengwo.cn/gonglve/ziyouxing/88590.html
重庆,https://m.mafengwo.cn/gonglve/ziyouxing/72958.html
重庆,https://m.mafengwo.cn/gonglve/ziyouxing/111362.html
重庆,https://m.mafengwo.cn/gonglve/ziyouxing/55116.html
重庆,https://m.mafengwo.cn/gonglve/ziyouxing/69470.html
重庆,http://www.mafengwo.cn/gonglve/ziyouxing/163960.html
重庆,http://www.mafengwo.cn/gonglve/ziyouxing/163960.html
重庆,http://www.mafengwo.cn/gonglve/ziyouxing/163960.html
重庆,http://www.mafengwo.cn/gonglve/ziyouxing/66414.html
重庆,http://www.mafengwo.cn/gonglve/ziyouxing/66414.html
重庆,http://www.mafengwo.cn/gonglve/ziyouxing/66414.html
重庆,http://www.mafengwo.cn/gonglve/ziyouxing/281404.html
重庆,http://www.mafengwo.cn/gonglve/ziyouxing/281404.html
重庆,http://www.mafengwo.cn/gonglve/ziyouxing/281404.html
天津,ttp://m.mafengwo.cn/gonglve/ziyouxing/46020.html
天津,https://m.mafengwo.cn/gonglve/ziyouxing/226708.html
天津,https://m.mafengwo.cn/gonglve/ziyouxing/106250.html
天津,https://m.mafengwo.cn/gonglve/ziyouxing/193366.html
天津,https://m.mafengwo.cn/gonglve/ziyouxing/236899.html
天津,https://m.mafengwo.cn/gonglve/ziyouxing/218107.html
天津,https://m.mafengwo.cn/gonglve/ziyouxing/134498.html
天津,https://m.mafengwo.cn/gonglve/ziyouxing/270043.html
天津,https://m.mafengwo.cn/gonglve/ziyouxing/122246.html
天津,https://m.mafengwo.cn/gonglve/ziyouxing/226831.html
天津,https://m.mafengwo.cn/gonglve/ziyouxing/122246.html
天津,http://www.mafengwo.cn/gonglve/ziyouxing/263848.html
天津,http://www.mafengwo.cn/gonglve/ziyouxing/263848.html
天津,http://www.mafengwo.cn/gonglve/ziyouxing/263848.html
天津,http://www.mafengwo.cn/gonglve/ziyouxing/193366.html
天津,http://www.mafengwo.cn/gonglve/ziyouxing/193366.html
天津,http://www.mafengwo.cn/gonglve/ziyouxing/193366.html
天津,http://www.mafengwo.cn/gonglve/ziyouxing/226831.html
天津,http://www.mafengwo.cn/gonglve/ziyouxing/226831.html
天津,http://www.mafengwo.cn/gonglve/ziyouxing/226831.html
云南,https://m.mafengwo.cn/gonglve/ziyouxing/258760.html
云南,https://m.mafengwo.cn/gonglve/ziyouxing/259549.html
云南,https://m.mafengwo.cn/gonglve/ziyouxing/68598.html
云南,https://m.mafengwo.cn/gonglve/ziyouxing/222928.html
云南,https://m.mafengwo.cn/gonglve/ziyouxing/68598.html
云南,https://m.mafengwo.cn/gonglve/ziyouxing/263146.html
云南,https://m.mafengwo.cn/gonglve/ziyouxing/1571.html
云南,https://m.mafengwo.cn/gonglve/ziyouxing/731.html
云南,https://m.mafengwo.cn/gonglve/ziyouxing/171982.html
云南,https://m.mafengwo.cn/gonglve/ziyouxing/169564.html
云南,https://m.mafengwo.cn/gonglve/ziyouxing/153985.html
云南,https://m.mafengwo.cn/gonglve/ziyouxing/171886.html
云南,http://www.mafengwo.cn/gonglve/ziyouxing/58878.html
云南,http://www.mafengwo.cn/gonglve/ziyouxing/58878.html
云南,http://www.mafengwo.cn/gonglve/ziyouxing/58878.html
云南,http://www.mafengwo.cn/gonglve/ziyouxing/242434.html
云南,http://www.mafengwo.cn/gonglve/ziyouxing/242434.html
云南,http://www.mafengwo.cn/gonglve/ziyouxing/242434.html
云南,http://www.mafengwo.cn/gonglve/ziyouxing/2666.html
云南,http://www.mafengwo.cn/gonglve/ziyouxing/2666.html
云南,http://www.mafengwo.cn/gonglve/ziyouxing/2666.html
丽江,https://m.mafengwo.cn/gonglve/ziyouxing/246643.html
丽江,https://m.mafengwo.cn/gonglve/ziyouxing/249595.html
丽江,https://m.mafengwo.cn/gonglve/ziyouxing/249286.html
丽江,https://m.mafengwo.cn/gonglve/ziyouxing/257980.html
丽江,https://m.mafengwo.cn/gonglve/ziyouxing/258967.html
丽江,https://m.mafengwo.cn/gonglve/ziyouxing/247660.html
丽江,https://m.mafengwo.cn/gonglve/ziyouxing/259072.html
丽江,http://www.mafengwo.cn/gonglve/ziyouxing/262906.html
丽江,http://www.mafengwo.cn/gonglve/ziyouxing/262906.html
丽江,http://www.mafengwo.cn/gonglve/ziyouxing/262906.html
丽江,http://www.mafengwo.cn/gonglve/ziyouxing/242434.html
丽江,http://www.mafengwo.cn/gonglve/ziyouxing/242434.html
丽江,http://www.mafengwo.cn/gonglve/ziyouxing/242434.html
丽江,http://www.mafengwo.cn/gonglve/ziyouxing/245671.html
丽江,http://www.mafengwo.cn/gonglve/ziyouxing/245671.html
丽江,http://www.mafengwo.cn/gonglve/ziyouxing/245671.html
大理,https://m.mafengwo.cn/gonglve/ziyouxing/132738.html
大理,https://m.mafengwo.cn/gonglve/ziyouxing/120714.html
大理,https://m.mafengwo.cn/gonglve/ziyouxing/79926.html
大理,https://m.mafengwo.cn/gonglve/ziyouxing/18417.html
大理,https://m.mafengwo.cn/gonglve/ziyouxing/109258.html
大理,https://m.mafengwo.cn/gonglve/ziyouxing/13467.html
大理,https://m.mafengwo.cn/gonglve/ziyouxing/1802.html
大理,https://m.mafengwo.cn/gonglve/ziyouxing/120714.html
大理,https://m.mafengwo.cn/gonglve/ziyouxing/43315.html
大理,https://m.mafengwo.cn/gonglve/ziyouxing/2330.html
大理,https://m.mafengwo.cn/gonglve/ziyouxing/2144.html
大理,https://m.mafengwo.cn/gonglve/ziyouxing/44344.html
大理,https://m.mafengwo.cn/gonglve/ziyouxing/251500.html
大理,https://m.mafengwo.cn/gonglve/ziyouxing/263455.html
大理,https://m.mafengwo.cn/gonglve/ziyouxing/1535.html
大理,https://m.mafengwo.cn/gonglve/ziyouxing/148384.html
大理,https://m.mafengwo.cn/gonglve/ziyouxing/259537.html
大理,https://m.mafengwo.cn/gonglve/ziyouxing/223687.html
大理,https://m.mafengwo.cn/gonglve/ziyouxing/126302.html
大理,https://m.mafengwo.cn/gonglve/ziyouxing/109258.html
大理,https://m.mafengwo.cn/gonglve/ziyouxing/135294.html
大理,https://m.mafengwo.cn/gonglve/ziyouxing/17493.html
大理,https://m.mafengwo.cn/gonglve/ziyouxing/242593.html
大理,http://www.mafengwo.cn/gonglve/ziyouxing/258760.html
大理,http://www.mafengwo.cn/gonglve/ziyouxing/258760.html
大理,http://www.mafengwo.cn/gonglve/ziyouxing/258760.html
大理,http://www.mafengwo.cn/gonglve/ziyouxing/58878.html
大理,http://www.mafengwo.cn/gonglve/ziyouxing/58878.html
大理,http://www.mafengwo.cn/gonglve/ziyouxing/58878.html
大理,http://www.mafengwo.cn/gonglve/ziyouxing/242434.html
大理,http://www.mafengwo.cn/gonglve/ziyouxing/242434.html
大理,http://www.mafengwo.cn/gonglve/ziyouxing/242434.html
昆明,https://m.mafengwo.cn/gonglve/ziyouxing/155737.html
昆明,http://www.mafengwo.cn/gonglve/ziyouxing/242434.html
昆明,http://www.mafengwo.cn/gonglve/ziyouxing/242434.html
昆明,http://www.mafengwo.cn/gonglve/ziyouxing/242434.html
昆明,http://www.mafengwo.cn/gonglve/ziyouxing/716.html
昆明,http://www.mafengwo.cn/gonglve/ziyouxing/716.html
昆明,http://www.mafengwo.cn/gonglve/ziyouxing/716.html
昆明,http://www.mafengwo.cn/gonglve/ziyouxing/633.html
昆明,http://www.mafengwo.cn/gonglve/ziyouxing/633.html
昆明,http://www.mafengwo.cn/gonglve/ziyouxing/633.html
香格里拉,http://www.mafengwo.cn/gonglve/ziyouxing/242434.html
香格里拉,http://www.mafengwo.cn/gonglve/ziyouxing/242434.html
香格里拉,http://www.mafengwo.cn/gonglve/ziyouxing/242434.html
香格里拉,http://www.mafengwo.cn/gonglve/ziyouxing/32304.html
香格里拉,http://www.mafengwo.cn/gonglve/ziyouxing/32304.html
香格里拉,http://www.mafengwo.cn/gonglve/ziyouxing/32304.html
香格里拉,http://www.mafengwo.cn/gonglve/ziyouxing/132198.html
香格里拉,http://www.mafengwo.cn/gonglve/ziyouxing/132198.html
香格里拉,http://www.mafengwo.cn/gonglve/ziyouxing/132198.html
泸沽湖,https://m.mafengwo.cn/gonglve/ziyouxing/92306.html
泸沽湖,http://www.mafengwo.cn/gonglve/ziyouxing/242434.html
泸沽湖,http://www.mafengwo.cn/gonglve/ziyouxing/242434.html
泸沽湖,http://www.mafengwo.cn/gonglve/ziyouxing/242434.html
泸沽湖,http://www.mafengwo.cn/gonglve/ziyouxing/132198.html
泸沽湖,http://www.mafengwo.cn/gonglve/ziyouxing/132198.html
泸沽湖,http://www.mafengwo.cn/gonglve/ziyouxing/132198.html
泸沽湖,http://www.mafengwo.cn/gonglve/ziyouxing/49052.html
泸沽湖,http://www.mafengwo.cn/gonglve/ziyouxing/49052.html
泸沽湖,http://www.mafengwo.cn/gonglve/ziyouxing/49052.html
双廊,http://www.mafengwo.cn/gonglve/ziyouxing/633.html
双廊,http://www.mafengwo.cn/gonglve/ziyouxing/633.html
双廊,http://www.mafengwo.cn/gonglve/ziyouxing/633.html
双廊,http://www.mafengwo.cn/gonglve/ziyouxing/267157.html
双廊,http://www.mafengwo.cn/gonglve/ziyouxing/267157.html
双廊,http://www.mafengwo.cn/gonglve/ziyouxing/267157.html
双廊,http://www.mafengwo.cn/gonglve/ziyouxing/56576.html
双廊,http://www.mafengwo.cn/gonglve/ziyouxing/56576.html
双廊,http://www.mafengwo.cn/gonglve/ziyouxing/56576.html
西双版纳,https://m.mafengwo.cn/gonglve/ziyouxing/98534.html
西双版纳,https://m.mafengwo.cn/gonglve/ziyouxing/98514.html
西双版纳,http://www.mafengwo.cn/gonglve/ziyouxing/242434.html
西双版纳,http://www.mafengwo.cn/gonglve/ziyouxing/242434.html
西双版纳,http://www.mafengwo.cn/gonglve/ziyouxing/242434.html
西双版纳,http://www.mafengwo.cn/gonglve/ziyouxing/2666.html
西双版纳,http://www.mafengwo.cn/gonglve/ziyouxing/2666.html
西双版纳,http://www.mafengwo.cn/gonglve/ziyouxing/2666.html
西双版纳,http://www.mafengwo.cn/gonglve/ziyouxing/9142.html
西双版纳,http://www.mafengwo.cn/gonglve/ziyouxing/9142.html
西双版纳,http://www.mafengwo.cn/gonglve/ziyouxing/9142.html
束河,http://www.mafengwo.cn/gonglve/ziyouxing/633.html
束河,http://www.mafengwo.cn/gonglve/ziyouxing/633.html
束河,http://www.mafengwo.cn/gonglve/ziyouxing/633.html
束河,http://www.mafengwo.cn/gonglve/ziyouxing/267121.html
束河,http://www.mafengwo.cn/gonglve/ziyouxing/267121.html
束河,http://www.mafengwo.cn/gonglve/ziyouxing/267121.html
束河,http://www.mafengwo.cn/gonglve/ziyouxing/160912.html
束河,http://www.mafengwo.cn/gonglve/ziyouxing/160912.html
束河,http://www.mafengwo.cn/gonglve/ziyouxing/160912.html
腾冲,https://m.mafengwo.cn/gonglve/ziyouxing/92254.html
腾冲,http://www.mafengwo.cn/gonglve/ziyouxing/245437.html
腾冲,http://www.mafengwo.cn/gonglve/ziyouxing/245437.html
腾冲,http://www.mafengwo.cn/gonglve/ziyouxing/245437.html
腾冲,http://www.mafengwo.cn/gonglve/ziyouxing/731.html
腾冲,http://www.mafengwo.cn/gonglve/ziyouxing/731.html
腾冲,http://www.mafengwo.cn/gonglve/ziyouxing/731.html
腾冲,http://www.mafengwo.cn/gonglve/ziyouxing/633.html
腾冲,http://www.mafengwo.cn/gonglve/ziyouxing/633.html
腾冲,http://www.mafengwo.cn/gonglve/ziyouxing/633.html
雨崩,http://www.mafengwo.cn/gonglve/ziyouxing/1631.html
雨崩,http://www.mafengwo.cn/gonglve/ziyouxing/1631.html
雨崩,http://www.mafengwo.cn/gonglve/ziyouxing/1631.html
雨崩,http://www.mafengwo.cn/gonglve/ziyouxing/137905.html
雨崩,http://www.mafengwo.cn/gonglve/ziyouxing/137905.html
雨崩,http://www.mafengwo.cn/gonglve/ziyouxing/137905.html
雨崩,http://www.mafengwo.cn/gonglve/ziyouxing/299968.html
雨崩,http://www.mafengwo.cn/gonglve/ziyouxing/299968.html
雨崩,http://www.mafengwo.cn/gonglve/ziyouxing/299968.html
四川,http://www.mafengwo.cn/gonglve/ziyouxing/5326.html
四川,http://www.mafengwo.cn/gonglve/ziyouxing/5326.html
四川,http://www.mafengwo.cn/gonglve/ziyouxing/5326.html
四川,http://www.mafengwo.cn/gonglve/ziyouxing/576.html
四川,http://www.mafengwo.cn/gonglve/ziyouxing/576.html
四川,http://www.mafengwo.cn/gonglve/ziyouxing/576.html
四川,http://www.mafengwo.cn/gonglve/ziyouxing/88514.html
四川,http://www.mafengwo.cn/gonglve/ziyouxing/88514.html
四川,http://www.mafengwo.cn/gonglve/ziyouxing/88514.html
成都,https://m.mafengwo.cn/gonglve/ziyouxing/94070.html
成都,https://m.mafengwo.cn/gonglve/ziyouxing/92446.html
成都,https://m.mafengwo.cn/gonglve/ziyouxing/150538.html
成都,https://m.mafengwo.cn/gonglve/ziyouxing/123538.html
成都,https://m.mafengwo.cn/gonglve/ziyouxing/209521.html
成都,https://m.mafengwo.cn/gonglve/ziyouxing/262885.html
成都,https://m.mafengwo.cn/gonglve/ziyouxing/108522.html
成都,https://m.mafengwo.cn/gonglve/ziyouxing/55356.html
成都,https://m.mafengwo.cn/gonglve/ziyouxing/260104.html
成都,https://m.mafengwo.cn/gonglve/ziyouxing/263221.html
成都,https://m.mafengwo.cn/gonglve/ziyouxing/19026.html
成都,https://m.mafengwo.cn/gonglve/ziyouxing/117918.html
成都,https://m.mafengwo.cn/gonglve/ziyouxing/112034.html
成都,https://m.mafengwo.cn/gonglve/ziyouxing/243550.html
成都,https://m.mafengwo.cn/gonglve/ziyouxing/161650.html
成都,https://m.mafengwo.cn/gonglve/ziyouxing/318364.html
成都,https://m.mafengwo.cn/gonglve/ziyouxing/77502.html
成都,https://m.mafengwo.cn/gonglve/ziyouxing/111650.html
成都,https://m.mafengwo.cn/gonglve/ziyouxing/210136.html
成都,https://m.mafengwo.cn/gonglve/ziyouxing/183946.html
成都,http://www.mafengwo.cn/gonglve/ziyouxing/161785.html
成都,http://www.mafengwo.cn/gonglve/ziyouxing/161785.html
成都,http://www.mafengwo.cn/gonglve/ziyouxing/161785.html
成都,http://www.mafengwo.cn/gonglve/ziyouxing/93998.html
成都,http://www.mafengwo.cn/gonglve/ziyouxing/93998.html
成都,http://www.mafengwo.cn/gonglve/ziyouxing/93998.html
成都,http://www.mafengwo.cn/gonglve/ziyouxing/176212.html
成都,http://www.mafengwo.cn/gonglve/ziyouxing/176212.html
成都,http://www.mafengwo.cn/gonglve/ziyouxing/176212.html
九寨沟,http://www.mafengwo.cn/gonglve/ziyouxing/2855.html
九寨沟,http://www.mafengwo.cn/gonglve/ziyouxing/2855.html
九寨沟,http://www.mafengwo.cn/gonglve/ziyouxing/2855.html
九寨沟,http://www.mafengwo.cn/gonglve/ziyouxing/312008.html
九寨沟,http://www.mafengwo.cn/gonglve/ziyouxing/312008.html
九寨沟,http://www.mafengwo.cn/gonglve/ziyouxing/312008.html
九寨沟,http://www.mafengwo.cn/gonglve/ziyouxing/318420.html
九寨沟,http://www.mafengwo.cn/gonglve/ziyouxing/318420.html
九寨沟,http://www.mafengwo.cn/gonglve/ziyouxing/318420.html
稻城,https://m.mafengwo.cn/gonglve/ziyouxing/252934.html
稻城,http://www.mafengwo.cn/gonglve/ziyouxing/112034.html
稻城,http://www.mafengwo.cn/gonglve/ziyouxing/112034.html
稻城,http://www.mafengwo.cn/gonglve/ziyouxing/112034.html
稻城,http://www.mafengwo.cn/gonglve/ziyouxing/88514.html
稻城,http://www.mafengwo.cn/gonglve/ziyouxing/88514.html
稻城,http://www.mafengwo.cn/gonglve/ziyouxing/88514.html
稻城,http://www.mafengwo.cn/gonglve/ziyouxing/239794.html
稻城,http://www.mafengwo.cn/gonglve/ziyouxing/239794.html
稻城,http://www.mafengwo.cn/gonglve/ziyouxing/239794.html
色达,http://www.mafengwo.cn/gonglve/ziyouxing/5326.html
色达,http://www.mafengwo.cn/gonglve/ziyouxing/5326.html
色达,http://www.mafengwo.cn/gonglve/ziyouxing/5326.html
色达,http://www.mafengwo.cn/gonglve/ziyouxing/174550.html
色达,http://www.mafengwo.cn/gonglve/ziyouxing/174550.html
色达,http://www.mafengwo.cn/gonglve/ziyouxing/174550.html
色达,http://www.mafengwo.cn/gonglve/ziyouxing/146200.html
色达,http://www.mafengwo.cn/gonglve/ziyouxing/146200.html
色达,http://www.mafengwo.cn/gonglve/ziyouxing/146200.html
若尔盖,http://www.mafengwo.cn/gonglve/ziyouxing/13653.html
若尔盖,http://www.mafengwo.cn/gonglve/ziyouxing/13653.html
若尔盖,http://www.mafengwo.cn/gonglve/ziyouxing/13653.html
若尔盖,http://www.mafengwo.cn/gonglve/ziyouxing/294728.html
若尔盖,http://www.mafengwo.cn/gonglve/ziyouxing/294728.html
若尔盖,http://www.mafengwo.cn/gonglve/ziyouxing/294728.html
若尔盖,http://www.mafengwo.cn/gonglve/ziyouxing/273109.html
若尔盖,http://www.mafengwo.cn/gonglve/ziyouxing/273109.html
若尔盖,http://www.mafengwo.cn/gonglve/ziyouxing/273109.html
都江堰,http://www.mafengwo.cn/gonglve/ziyouxing/12309.html
都江堰,http://www.mafengwo.cn/gonglve/ziyouxing/12309.html
都江堰,http://www.mafengwo.cn/gonglve/ziyouxing/12309.html
都江堰,http://www.mafengwo.cn/gonglve/ziyouxing/10287.html
都江堰,http://www.mafengwo.cn/gonglve/ziyouxing/10287.html
都江堰,http://www.mafengwo.cn/gonglve/ziyouxing/10287.html
都江堰,http://www.mafengwo.cn/gonglve/ziyouxing/320656.html
都江堰,http://www.mafengwo.cn/gonglve/ziyouxing/320656.html
都江堰,http://www.mafengwo.cn/gonglve/ziyouxing/320656.html
亚丁,http://www.mafengwo.cn/gonglve/ziyouxing/296960.html
亚丁,http://www.mafengwo.cn/gonglve/ziyouxing/296960.html
亚丁,http://www.mafengwo.cn/gonglve/ziyouxing/296960.html
亚丁,http://www.mafengwo.cn/gonglve/ziyouxing/193681.html
亚丁,http://www.mafengwo.cn/gonglve/ziyouxing/193681.html
亚丁,http://www.mafengwo.cn/gonglve/ziyouxing/193681.html
亚丁,http://www.mafengwo.cn/gonglve/ziyouxing/276868.html
亚丁,http://www.mafengwo.cn/gonglve/ziyouxing/276868.html
亚丁,http://www.mafengwo.cn/gonglve/ziyouxing/276868.html
阿坝,http://www.mafengwo.cn/gonglve/ziyouxing/17220.html
阿坝,http://www.mafengwo.cn/gonglve/ziyouxing/17220.html
阿坝,http://www.mafengwo.cn/gonglve/ziyouxing/17220.html
阿坝,http://www.mafengwo.cn/gonglve/ziyouxing/13653.html
阿坝,http://www.mafengwo.cn/gonglve/ziyouxing/13653.html
阿坝,http://www.mafengwo.cn/gonglve/ziyouxing/13653.html
阿坝,http://www.mafengwo.cn/gonglve/ziyouxing/12309.html
阿坝,http://www.mafengwo.cn/gonglve/ziyouxing/12309.html
阿坝,http://www.mafengwo.cn/gonglve/ziyouxing/12309.html
峨眉山,http://www.mafengwo.cn/gonglve/ziyouxing/63830.html
峨眉山,http://www.mafengwo.cn/gonglve/ziyouxing/63830.html
峨眉山,http://www.mafengwo.cn/gonglve/ziyouxing/63830.html
峨眉山,http://www.mafengwo.cn/gonglve/ziyouxing/14313.html
峨眉山,http://www.mafengwo.cn/gonglve/ziyouxing/14313.html
峨眉山,http://www.mafengwo.cn/gonglve/ziyouxing/14313.html
峨眉山,http://www.mafengwo.cn/gonglve/ziyouxing/282132.html
峨眉山,http://www.mafengwo.cn/gonglve/ziyouxing/282132.html
峨眉山,http://www.mafengwo.cn/gonglve/ziyouxing/282132.html
牛背山,http://www.mafengwo.cn/gonglve/ziyouxing/233734.html
牛背山,http://www.mafengwo.cn/gonglve/ziyouxing/233734.html
牛背山,http://www.mafengwo.cn/gonglve/ziyouxing/233734.html
牛背山,http://www.mafengwo.cn/gonglve/ziyouxing/262621.html
牛背山,http://www.mafengwo.cn/gonglve/ziyouxing/262621.html
牛背山,http://www.mafengwo.cn/gonglve/ziyouxing/262621.html
牛背山,http://www.mafengwo.cn/gonglve/ziyouxing/235897.html
牛背山,http://www.mafengwo.cn/gonglve/ziyouxing/235897.html
牛背山,http://www.mafengwo.cn/gonglve/ziyouxing/235897.html
浙江,http://www.mafengwo.cn/gonglve/ziyouxing/2381.html
浙江,http://www.mafengwo.cn/gonglve/ziyouxing/2381.html
浙江,http://www.mafengwo.cn/gonglve/ziyouxing/2381.html
浙江,http://www.mafengwo.cn/gonglve/ziyouxing/51036.html
浙江,http://www.mafengwo.cn/gonglve/ziyouxing/51036.html
浙江,http://www.mafengwo.cn/gonglve/ziyouxing/51036.html
浙江,http://www.mafengwo.cn/gonglve/ziyouxing/2813.html
浙江,http://www.mafengwo.cn/gonglve/ziyouxing/2813.html
浙江,http://www.mafengwo.cn/gonglve/ziyouxing/2813.html
杭州,https://m.mafengwo.cn/gonglve/ziyouxing/247750.html
杭州,https://m.mafengwo.cn/gonglve/ziyouxing/250591.html
杭州,https://m.mafengwo.cn/gonglve/ziyouxing/250591.html
杭州,https://m.mafengwo.cn/gonglve/ziyouxing/51036.html
杭州,https://m.mafengwo.cn/gonglve/ziyouxing/522.html
杭州,https://m.mafengwo.cn/gonglve/ziyouxing/3026.html
杭州,https://m.mafengwo.cn/gonglve/ziyouxing/67474.html
杭州,https://m.mafengwo.cn/gonglve/ziyouxing/246244.html
杭州,https://m.mafengwo.cn/gonglve/ziyouxing/259999.html
杭州,https://m.mafengwo.cn/gonglve/ziyouxing/51036.html
杭州,https://m.mafengwo.cn/gonglve/ziyouxing/3059.html
杭州,https://m.mafengwo.cn/gonglve/ziyouxing/190102.html
杭州,https://m.mafengwo.cn/gonglve/ziyouxing/252280.html
杭州,https://m.mafengwo.cn/gonglve/ziyouxing/50056.html
杭州,https://m.mafengwo.cn/gonglve/ziyouxing/44335.html
杭州,https://m.mafengwo.cn/gonglve/ziyouxing/77846.html
杭州,https://m.mafengwo.cn/gonglve/ziyouxing/147196.html
杭州,https://m.mafengwo.cn/gonglve/ziyouxing/106222.html
杭州,https://m.mafengwo.cn/gonglve/ziyouxing/247750.html
杭州,https://m.mafengwo.cn/gonglve/ziyouxing/136792.html
杭州,https://m.mafengwo.cn/gonglve/ziyouxing/141454.html
杭州,https://m.mafengwo.cn/gonglve/ziyouxing/147541.html
杭州,https://m.mafengwo.cn/gonglve/ziyouxing/74670.html
杭州,https://m.mafengwo.cn/gonglve/ziyouxing/84830.html
杭州,https://m.mafengwo.cn/gonglve/ziyouxing/136312.html
杭州,https://m.mafengwo.cn/gonglve/ziyouxing/246244.html
杭州,https://m.mafengwo.cn/gonglve/ziyouxing/117206.html
杭州,https://m.mafengwo.cn/gonglve/ziyouxing/44960.html
杭州,https://m.mafengwo.cn/gonglve/ziyouxing/2783.html
杭州,https://m.mafengwo.cn/gonglve/ziyouxing/122886.html
杭州,https://m.mafengwo.cn/gonglve/ziyouxing/46664.html
杭州,https://m.mafengwo.cn/gonglve/ziyouxing/2774.html
杭州,https://m.mafengwo.cn/gonglve/ziyouxing/44539.html
杭州,https://m.mafengwo.cn/gonglve/ziyouxing/98398.html
杭州,https://m.mafengwo.cn/gonglve/ziyouxing/261094.html
杭州,https://m.mafengwo.cn/gonglve/ziyouxing/158860.html
杭州,https://m.mafengwo.cn/gonglve/ziyouxing/121682.html
杭州,https://m.mafengwo.cn/gonglve/ziyouxing/63690.html
杭州,https://m.mafengwo.cn/gonglve/ziyouxing/60282.html
杭州,https://m.mafengwo.cn/gonglve/ziyouxing/265684.html
杭州,https://m.mafengwo.cn/gonglve/ziyouxing/259999.html
杭州,http://www.mafengwo.cn/gonglve/ziyouxing/250591.html
杭州,http://www.mafengwo.cn/gonglve/ziyouxing/250591.html
杭州,http://www.mafengwo.cn/gonglve/ziyouxing/250591.html
杭州,http://www.mafengwo.cn/gonglve/ziyouxing/246244.html
杭州,http://www.mafengwo.cn/gonglve/ziyouxing/246244.html
杭州,http://www.mafengwo.cn/gonglve/ziyouxing/246244.html
杭州,http://www.mafengwo.cn/gonglve/ziyouxing/225910.html
杭州,http://www.mafengwo.cn/gonglve/ziyouxing/225910.html
杭州,http://www.mafengwo.cn/gonglve/ziyouxing/225910.html
乌镇,https://m.mafengwo.cn/gonglve/ziyouxing/139156.html
乌镇,http://www.mafengwo.cn/gonglve/ziyouxing/2381.html
乌镇,http://www.mafengwo.cn/gonglve/ziyouxing/2381.html
乌镇,http://www.mafengwo.cn/gonglve/ziyouxing/2381.html
乌镇,http://www.mafengwo.cn/gonglve/ziyouxing/52356.html
乌镇,http://www.mafengwo.cn/gonglve/ziyouxing/52356.html
乌镇,http://www.mafengwo.cn/gonglve/ziyouxing/52356.html
乌镇,http://www.mafengwo.cn/gonglve/ziyouxing/209761.html
乌镇,http://www.mafengwo.cn/gonglve/ziyouxing/209761.html
乌镇,http://www.mafengwo.cn/gonglve/ziyouxing/209761.html
西塘,http://www.mafengwo.cn/gonglve/ziyouxing/2381.html
西塘,http://www.mafengwo.cn/gonglve/ziyouxing/2381.html
西塘,http://www.mafengwo.cn/gonglve/ziyouxing/2381.html
西塘,http://www.mafengwo.cn/gonglve/ziyouxing/2276.html
西塘,http://www.mafengwo.cn/gonglve/ziyouxing/2276.html
西塘,http://www.mafengwo.cn/gonglve/ziyouxing/2276.html
西塘,http://www.mafengwo.cn/gonglve/ziyouxing/306280.html
西塘,http://www.mafengwo.cn/gonglve/ziyouxing/306280.html
西塘,http://www.mafengwo.cn/gonglve/ziyouxing/306280.html
千岛湖,http://www.mafengwo.cn/gonglve/ziyouxing/2783.html
千岛湖,http://www.mafengwo.cn/gonglve/ziyouxing/2783.html
千岛湖,http://www.mafengwo.cn/gonglve/ziyouxing/2783.html
千岛湖,http://www.mafengwo.cn/gonglve/ziyouxing/262033.html
千岛湖,http://www.mafengwo.cn/gonglve/ziyouxing/262033.html
千岛湖,http://www.mafengwo.cn/gonglve/ziyouxing/262033.html
千岛湖,http://www.mafengwo.cn/gonglve/ziyouxing/120074.html
千岛湖,http://www.mafengwo.cn/gonglve/ziyouxing/120074.html
千岛湖,http://www.mafengwo.cn/gonglve/ziyouxing/120074.html
普陀山,http://www.mafengwo.cn/gonglve/ziyouxing/2813.html
普陀山,http://www.mafengwo.cn/gonglve/ziyouxing/2813.html
普陀山,http://www.mafengwo.cn/gonglve/ziyouxing/2813.html
普陀山,http://www.mafengwo.cn/gonglve/ziyouxing/294516.html
普陀山,http://www.mafengwo.cn/gonglve/ziyouxing/294516.html
普陀山,http://www.mafengwo.cn/gonglve/ziyouxing/294516.html
普陀山,http://www.mafengwo.cn/gonglve/ziyouxing/62270.html
普陀山,http://www.mafengwo.cn/gonglve/ziyouxing/62270.html
普陀山,http://www.mafengwo.cn/gonglve/ziyouxing/62270.html
东极岛,http://www.mafengwo.cn/gonglve/ziyouxing/126730.html
东极岛,http://www.mafengwo.cn/gonglve/ziyouxing/126730.html
东极岛,http://www.mafengwo.cn/gonglve/ziyouxing/126730.html
东极岛,http://www.mafengwo.cn/gonglve/ziyouxing/312904.html
东极岛,http://www.mafengwo.cn/gonglve/ziyouxing/312904.html
东极岛,http://www.mafengwo.cn/gonglve/ziyouxing/312904.html
东极岛,http://www.mafengwo.cn/gonglve/ziyouxing/297776.html
东极岛,http://www.mafengwo.cn/gonglve/ziyouxing/297776.html
东极岛,http://www.mafengwo.cn/gonglve/ziyouxing/297776.html
南浔,http://www.mafengwo.cn/gonglve/ziyouxing/2381.html
南浔,http://www.mafengwo.cn/gonglve/ziyouxing/2381.html
南浔,http://www.mafengwo.cn/gonglve/ziyouxing/2381.html
南浔,http://www.mafengwo.cn/gonglve/ziyouxing/305288.html
南浔,http://www.mafengwo.cn/gonglve/ziyouxing/305288.html
南浔,http://www.mafengwo.cn/gonglve/ziyouxing/305288.html
南浔,http://www.mafengwo.cn/gonglve/ziyouxing/287336.html
南浔,http://www.mafengwo.cn/gonglve/ziyouxing/287336.html
南浔,http://www.mafengwo.cn/gonglve/ziyouxing/287336.html
海南,http://www.mafengwo.cn/gonglve/ziyouxing/18012.html
海南,http://www.mafengwo.cn/gonglve/ziyouxing/18012.html
海南,http://www.mafengwo.cn/gonglve/ziyouxing/18012.html
海南,http://www.mafengwo.cn/gonglve/ziyouxing/208717.html
海南,http://www.mafengwo.cn/gonglve/ziyouxing/208717.html
海南,http://www.mafengwo.cn/gonglve/ziyouxing/208717.html
海南,http://www.mafengwo.cn/gonglve/ziyouxing/103994.html
海南,http://www.mafengwo.cn/gonglve/ziyouxing/103994.html
海南,http://www.mafengwo.cn/gonglve/ziyouxing/103994.html
福建,http://www.mafengwo.cn/gonglve/ziyouxing/185437.html
福建,http://www.mafengwo.cn/gonglve/ziyouxing/185437.html
福建,http://www.mafengwo.cn/gonglve/ziyouxing/185437.html
福建,http://www.mafengwo.cn/gonglve/ziyouxing/217297.html
福建,http://www.mafengwo.cn/gonglve/ziyouxing/217297.html
福建,http://www.mafengwo.cn/gonglve/ziyouxing/217297.html
福建,http://www.mafengwo.cn/gonglve/ziyouxing/206026.html
福建,http://www.mafengwo.cn/gonglve/ziyouxing/206026.html
福建,http://www.mafengwo.cn/gonglve/ziyouxing/206026.html
三亚,https://m.mafengwo.cn/gonglve/ziyouxing/65394.html
三亚,https://m.mafengwo.cn/gonglve/ziyouxing/260500.html
三亚,https://m.mafengwo.cn/gonglve/ziyouxing/116062.html
三亚,https://m.mafengwo.cn/gonglve/ziyouxing/66238.html
三亚,https://m.mafengwo.cn/gonglve/ziyouxing/64158.html
三亚,http://www.mafengwo.cn/gonglve/ziyouxing/276310.html
三亚,http://www.mafengwo.cn/gonglve/ziyouxing/276310.html
三亚,http://www.mafengwo.cn/gonglve/ziyouxing/276310.html
三亚,http://www.mafengwo.cn/gonglve/ziyouxing/228661.html
三亚,http://www.mafengwo.cn/gonglve/ziyouxing/228661.html
三亚,http://www.mafengwo.cn/gonglve/ziyouxing/228661.html
三亚,http://www.mafengwo.cn/gonglve/ziyouxing/94222.html
三亚,http://www.mafengwo.cn/gonglve/ziyouxing/94222.html
三亚,http://www.mafengwo.cn/gonglve/ziyouxing/94222.html
蜈支洲岛,http://www.mafengwo.cn/gonglve/ziyouxing/63230.html
蜈支洲岛,http://www.mafengwo.cn/gonglve/ziyouxing/63230.html
蜈支洲岛,http://www.mafengwo.cn/gonglve/ziyouxing/63230.html
蜈支洲岛,http://www.mafengwo.cn/gonglve/ziyouxing/34956.html
蜈支洲岛,http://www.mafengwo.cn/gonglve/ziyouxing/34956.html
蜈支洲岛,http://www.mafengwo.cn/gonglve/ziyouxing/34956.html
蜈支洲岛,http://www.mafengwo.cn/gonglve/ziyouxing/320852.html
蜈支洲岛,http://www.mafengwo.cn/gonglve/ziyouxing/320852.html
蜈支洲岛,http://www.mafengwo.cn/gonglve/ziyouxing/320852.html
海口,http://www.mafengwo.cn/gonglve/ziyouxing/83806.html
海口,http://www.mafengwo.cn/gonglve/ziyouxing/83806.html
海口,http://www.mafengwo.cn/gonglve/ziyouxing/83806.html
海口,http://www.mafengwo.cn/gonglve/ziyouxing/63230.html
海口,http://www.mafengwo.cn/gonglve/ziyouxing/63230.html
海口,http://www.mafengwo.cn/gonglve/ziyouxing/63230.html
海口,http://www.mafengwo.cn/gonglve/ziyouxing/312120.html
海口,http://www.mafengwo.cn/gonglve/ziyouxing/312120.html
海口,http://www.mafengwo.cn/gonglve/ziyouxing/312120.html
厦门,https://m.mafengwo.cn/gonglve/ziyouxing/95186.html
厦门,https://m.mafengwo.cn/gonglve/ziyouxing/95266.html
厦门,https://m.mafengwo.cn/gonglve/ziyouxing/95350.html
厦门,https://m.mafengwo.cn/gonglve/ziyouxing/374.html
厦门,https://m.mafengwo.cn/gonglve/ziyouxing/93934.html
厦门,https://m.mafengwo.cn/gonglve/ziyouxing/95330.html
厦门,https://m.mafengwo.cn/gonglve/ziyouxing/95270.html
厦门,https://m.mafengwo.cn/gonglve/ziyouxing/95402.html
厦门,https://m.mafengwo.cn/gonglve/ziyouxing/95342.html
厦门,https://m.mafengwo.cn/gonglve/ziyouxing/95334.html
厦门,https://m.mafengwo.cn/gonglve/ziyouxing/45584.html
厦门,https://m.mafengwo.cn/gonglve/ziyouxing/63166.html
厦门,https://m.mafengwo.cn/gonglve/ziyouxing/50136.html
厦门,https://m.mafengwo.cn/gonglve/ziyouxing/93946.html
厦门,https://m.mafengwo.cn/gonglve/ziyouxing/94150.html
厦门,https://m.mafengwo.cn/gonglve/ziyouxing/57446.html
厦门,https://m.mafengwo.cn/gonglve/ziyouxing/95246.html
厦门,https://m.mafengwo.cn/gonglve/ziyouxing/95290.html
厦门,https://m.mafengwo.cn/gonglve/ziyouxing/95338.html
厦门,https://m.mafengwo.cn/gonglve/ziyouxing/52320.html
厦门,https://m.mafengwo.cn/gonglve/ziyouxing/66118.html
厦门,https://m.mafengwo.cn/gonglve/ziyouxing/127130.html
厦门,https://m.mafengwo.cn/gonglve/ziyouxing/95210.html
厦门,https://m.mafengwo.cn/gonglve/ziyouxing/95282.html
厦门,https://m.mafengwo.cn/gonglve/ziyouxing/95346.html
厦门,https://m.mafengwo.cn/gonglve/ziyouxing/95262.html
厦门,https://m.mafengwo.cn/gonglve/ziyouxing/66482.html
厦门,https://m.mafengwo.cn/gonglve/ziyouxing/782.html
厦门,https://m.mafengwo.cn/gonglve/ziyouxing/95214.html
厦门,https://m.mafengwo.cn/gonglve/ziyouxing/227569.html
厦门,https://m.mafengwo.cn/gonglve/ziyouxing/69634.html
厦门,https://m.mafengwo.cn/gonglve/ziyouxing/14811.html
厦门,https://m.mafengwo.cn/gonglve/ziyouxing/73738.html
厦门,https://m.mafengwo.cn/gonglve/ziyouxing/15156.html
厦门,http://www.mafengwo.cn/gonglve/ziyouxing/95242.html
厦门,http://www.mafengwo.cn/gonglve/ziyouxing/95242.html
厦门,http://www.mafengwo.cn/gonglve/ziyouxing/95242.html
厦门,http://www.mafengwo.cn/gonglve/ziyouxing/206026.html
厦门,http://www.mafengwo.cn/gonglve/ziyouxing/206026.html
厦门,http://www.mafengwo.cn/gonglve/ziyouxing/206026.html
厦门,http://www.mafengwo.cn/gonglve/ziyouxing/93934.html
厦门,http://www.mafengwo.cn/gonglve/ziyouxing/93934.html
厦门,http://www.mafengwo.cn/gonglve/ziyouxing/93934.html
鼓浪屿,http://www.mafengwo.cn/gonglve/ziyouxing/206026.html
鼓浪屿,http://www.mafengwo.cn/gonglve/ziyouxing/206026.html
鼓浪屿,http://www.mafengwo.cn/gonglve/ziyouxing/206026.html
鼓浪屿,http://www.mafengwo.cn/gonglve/ziyouxing/1019.html
鼓浪屿,http://www.mafengwo.cn/gonglve/ziyouxing/1019.html
鼓浪屿,http://www.mafengwo.cn/gonglve/ziyouxing/1019.html
鼓浪屿,http://www.mafengwo.cn/gonglve/ziyouxing/32787.html
鼓浪屿,http://www.mafengwo.cn/gonglve/ziyouxing/32787.html
鼓浪屿,http://www.mafengwo.cn/gonglve/ziyouxing/32787.html
武夷山,http://www.mafengwo.cn/gonglve/ziyouxing/258376.html
武夷山,http://www.mafengwo.cn/gonglve/ziyouxing/258376.html
武夷山,http://www.mafengwo.cn/gonglve/ziyouxing/258376.html
武夷山,http://www.mafengwo.cn/gonglve/ziyouxing/17220.html
武夷山,http://www.mafengwo.cn/gonglve/ziyouxing/17220.html
武夷山,http://www.mafengwo.cn/gonglve/ziyouxing/17220.html
武夷山,http://www.mafengwo.cn/gonglve/ziyouxing/1832.html
武夷山,http://www.mafengwo.cn/gonglve/ziyouxing/1832.html
武夷山,http://www.mafengwo.cn/gonglve/ziyouxing/1832.html
泉州,http://www.mafengwo.cn/gonglve/ziyouxing/280420.html
泉州,http://www.mafengwo.cn/gonglve/ziyouxing/280420.html
泉州,http://www.mafengwo.cn/gonglve/ziyouxing/280420.html
泉州,http://www.mafengwo.cn/gonglve/ziyouxing/260803.html
泉州,http://www.mafengwo.cn/gonglve/ziyouxing/260803.html
泉州,http://www.mafengwo.cn/gonglve/ziyouxing/260803.html
泉州,http://www.mafengwo.cn/gonglve/ziyouxing/256402.html
泉州,http://www.mafengwo.cn/gonglve/ziyouxing/256402.html
泉州,http://www.mafengwo.cn/gonglve/ziyouxing/256402.html
江苏,http://www.mafengwo.cn/gonglve/ziyouxing/2381.html
江苏,http://www.mafengwo.cn/gonglve/ziyouxing/2381.html
江苏,http://www.mafengwo.cn/gonglve/ziyouxing/2381.html
江苏,http://www.mafengwo.cn/gonglve/ziyouxing/86014.html
江苏,http://www.mafengwo.cn/gonglve/ziyouxing/86014.html
江苏,http://www.mafengwo.cn/gonglve/ziyouxing/86014.html
江苏,http://www.mafengwo.cn/gonglve/ziyouxing/74718.html
江苏,http://www.mafengwo.cn/gonglve/ziyouxing/74718.html
江苏,http://www.mafengwo.cn/gonglve/ziyouxing/74718.html
南京,https://m.mafengwo.cn/gonglve/ziyouxing/213658.html
南京,https://m.mafengwo.cn/gonglve/ziyouxing/210334.html
南京,https://m.mafengwo.cn/gonglve/ziyouxing/123506.html
南京,https://m.mafengwo.cn/gonglve/ziyouxing/120018.html
南京,https://m.mafengwo.cn/gonglve/ziyouxing/131614.html
南京,https://m.mafengwo.cn/gonglve/ziyouxing/131314.html
南京,https://m.mafengwo.cn/gonglve/ziyouxing/145915.html
南京,https://m.mafengwo.cn/gonglve/ziyouxing/133826.html
南京,https://m.mafengwo.cn/gonglve/ziyouxing/88222.html
南京,https://m.mafengwo.cn/gonglve/ziyouxing/132206.html
南京,https://m.mafengwo.cn/gonglve/ziyouxing/143854.html
南京,https://m.mafengwo.cn/gonglve/ziyouxing/112582.html
南京,https://m.mafengwo.cn/gonglve/ziyouxing/66006.html
南京,https://m.mafengwo.cn/gonglve/ziyouxing/240451.html
南京,http://www.mafengwo.cn/gonglve/ziyouxing/61334.html
南京,http://www.mafengwo.cn/gonglve/ziyouxing/61334.html
南京,http://www.mafengwo.cn/gonglve/ziyouxing/61334.html
南京,http://www.mafengwo.cn/gonglve/ziyouxing/298276.html
南京,http://www.mafengwo.cn/gonglve/ziyouxing/298276.html
南京,http://www.mafengwo.cn/gonglve/ziyouxing/298276.html
南京,http://www.mafengwo.cn/gonglve/ziyouxing/259792.html
南京,http://www.mafengwo.cn/gonglve/ziyouxing/259792.html
南京,http://www.mafengwo.cn/gonglve/ziyouxing/259792.html
苏州,https://m.mafengwo.cn/gonglve/ziyouxing/63070.html
苏州,https://m.mafengwo.cn/gonglve/ziyouxing/71290.html
苏州,https://m.mafengwo.cn/gonglve/ziyouxing/160567.html
苏州,https://m.mafengwo.cn/gonglve/ziyouxing/144223.html
苏州,https://m.mafengwo.cn/gonglve/ziyouxing/173317.html
苏州,https://m.mafengwo.cn/gonglve/ziyouxing/2441.html
苏州,https://m.mafengwo.cn/gonglve/ziyouxing/22102.html
苏州,https://m.mafengwo.cn/gonglve/ziyouxing/63066.html
苏州,https://m.mafengwo.cn/gonglve/ziyouxing/66250.html
苏州,https://m.mafengwo.cn/gonglve/ziyouxing/36130.html
苏州,https://m.mafengwo.cn/gonglve/ziyouxing/36367.html
苏州,https://m.mafengwo.cn/gonglve/ziyouxing/68266.html
苏州,https://m.mafengwo.cn/gonglve/ziyouxing/199648.html
苏州,https://m.mafengwo.cn/gonglve/ziyouxing/255943.html
苏州,https://m.mafengwo.cn/gonglve/ziyouxing/117898.html
苏州,https://m.mafengwo.cn/gonglve/ziyouxing/26179.html
苏州,https://m.mafengwo.cn/gonglve/ziyouxing/248377.html
苏州,http://www.mafengwo.cn/gonglve/ziyouxing/255943.html
苏州,http://www.mafengwo.cn/gonglve/ziyouxing/255943.html
苏州,http://www.mafengwo.cn/gonglve/ziyouxing/255943.html
苏州,http://www.mafengwo.cn/gonglve/ziyouxing/207529.html
苏州,http://www.mafengwo.cn/gonglve/ziyouxing/207529.html
苏州,http://www.mafengwo.cn/gonglve/ziyouxing/207529.html
苏州,http://www.mafengwo.cn/gonglve/ziyouxing/98398.html
苏州,http://www.mafengwo.cn/gonglve/ziyouxing/98398.html
苏州,http://www.mafengwo.cn/gonglve/ziyouxing/98398.html
无锡,https://m.mafengwo.cn/gonglve/ziyouxing/98394.html
无锡,https://m.mafengwo.cn/gonglve/ziyouxing/98402.html
无锡,http://www.mafengwo.cn/gonglve/ziyouxing/243199.html
无锡,http://www.mafengwo.cn/gonglve/ziyouxing/243199.html
无锡,http://www.mafengwo.cn/gonglve/ziyouxing/243199.html
无锡,http://www.mafengwo.cn/gonglve/ziyouxing/31869.html
无锡,http://www.mafengwo.cn/gonglve/ziyouxing/31869.html
无锡,http://www.mafengwo.cn/gonglve/ziyouxing/31869.html
无锡,http://www.mafengwo.cn/gonglve/ziyouxing/312996.html
无锡,http://www.mafengwo.cn/gonglve/ziyouxing/312996.html
无锡,http://www.mafengwo.cn/gonglve/ziyouxing/312996.html
扬州,http://www.mafengwo.cn/gonglve/ziyouxing/236254.html
扬州,http://www.mafengwo.cn/gonglve/ziyouxing/236254.html
扬州,http://www.mafengwo.cn/gonglve/ziyouxing/236254.html
扬州,http://www.mafengwo.cn/gonglve/ziyouxing/163102.html
扬州,http://www.mafengwo.cn/gonglve/ziyouxing/163102.html
扬州,http://www.mafengwo.cn/gonglve/ziyouxing/163102.html
扬州,http://www.mafengwo.cn/gonglve/ziyouxing/74718.html
扬州,http://www.mafengwo.cn/gonglve/ziyouxing/74718.html
扬州,http://www.mafengwo.cn/gonglve/ziyouxing/74718.html
周庄,http://www.mafengwo.cn/gonglve/ziyouxing/2381.html
周庄,http://www.mafengwo.cn/gonglve/ziyouxing/2381.html
周庄,http://www.mafengwo.cn/gonglve/ziyouxing/2381.html
周庄,http://www.mafengwo.cn/gonglve/ziyouxing/36130.html
周庄,http://www.mafengwo.cn/gonglve/ziyouxing/36130.html
周庄,http://www.mafengwo.cn/gonglve/ziyouxing/36130.html
周庄,http://www.mafengwo.cn/gonglve/ziyouxing/310036.html
周庄,http://www.mafengwo.cn/gonglve/ziyouxing/310036.html
周庄,http://www.mafengwo.cn/gonglve/ziyouxing/310036.html
常州,http://www.mafengwo.cn/gonglve/ziyouxing/86014.html
常州,http://www.mafengwo.cn/gonglve/ziyouxing/86014.html
常州,http://www.mafengwo.cn/gonglve/ziyouxing/86014.html
常州,http://www.mafengwo.cn/gonglve/ziyouxing/284672.html
常州,http://www.mafengwo.cn/gonglve/ziyouxing/284672.html
常州,http://www.mafengwo.cn/gonglve/ziyouxing/284672.html
常州,http://www.mafengwo.cn/gonglve/ziyouxing/282188.html
常州,http://www.mafengwo.cn/gonglve/ziyouxing/282188.html
常州,http://www.mafengwo.cn/gonglve/ziyouxing/282188.html
连云港,http://www.mafengwo.cn/gonglve/ziyouxing/99610.html
连云港,http://www.mafengwo.cn/gonglve/ziyouxing/99610.html
连云港,http://www.mafengwo.cn/gonglve/ziyouxing/99610.html
同里,http://www.mafengwo.cn/gonglve/ziyouxing/2381.html
同里,http://www.mafengwo.cn/gonglve/ziyouxing/2381.html
同里,http://www.mafengwo.cn/gonglve/ziyouxing/2381.html
同里,http://www.mafengwo.cn/gonglve/ziyouxing/66250.html
同里,http://www.mafengwo.cn/gonglve/ziyouxing/66250.html
同里,http://www.mafengwo.cn/gonglve/ziyouxing/66250.html
同里,http://www.mafengwo.cn/gonglve/ziyouxing/2276.html
同里,http://www.mafengwo.cn/gonglve/ziyouxing/2276.html
同里,http://www.mafengwo.cn/gonglve/ziyouxing/2276.html
广东,http://www.mafengwo.cn/gonglve/ziyouxing/1910.html
广东,http://www.mafengwo.cn/gonglve/ziyouxing/1910.html
广东,http://www.mafengwo.cn/gonglve/ziyouxing/1910.html
广东,http://www.mafengwo.cn/gonglve/ziyouxing/134822.html
广东,http://www.mafengwo.cn/gonglve/ziyouxing/134822.html
广东,http://www.mafengwo.cn/gonglve/ziyouxing/134822.html
广东,http://www.mafengwo.cn/gonglve/ziyouxing/119570.html
广东,http://www.mafengwo.cn/gonglve/ziyouxing/119570.html
广东,http://www.mafengwo.cn/gonglve/ziyouxing/119570.html
广西,http://www.mafengwo.cn/gonglve/ziyouxing/332.html
广西,http://www.mafengwo.cn/gonglve/ziyouxing/332.html
广西,http://www.mafengwo.cn/gonglve/ziyouxing/332.html
广西,http://www.mafengwo.cn/gonglve/ziyouxing/2957.html
广西,http://www.mafengwo.cn/gonglve/ziyouxing/2957.html
广西,http://www.mafengwo.cn/gonglve/ziyouxing/2957.html
广西,http://www.mafengwo.cn/gonglve/ziyouxing/495.html
广西,http://www.mafengwo.cn/gonglve/ziyouxing/495.html
广西,http://www.mafengwo.cn/gonglve/ziyouxing/495.html
广州,https://m.mafengwo.cn/gonglve/ziyouxing/67518.html
广州,https://m.mafengwo.cn/gonglve/ziyouxing/253555.html
广州,https://m.mafengwo.cn/gonglve/ziyouxing/67518.html
广州,https://m.mafengwo.cn/gonglve/ziyouxing/31551.html
广州,https://m.mafengwo.cn/gonglve/ziyouxing/1976.html
广州,https://m.mafengwo.cn/gonglve/ziyouxing/46696.html
广州,https://m.mafengwo.cn/gonglve/ziyouxing/44140.html
广州,https://m.mafengwo.cn/gonglve/ziyouxing/2024.html
广州,https://m.mafengwo.cn/gonglve/ziyouxing/189049.html
广州,https://m.mafengwo.cn/gonglve/ziyouxing/176224.html
广州,https://m.mafengwo.cn/gonglve/ziyouxing/97446.html
广州,https://m.mafengwo.cn/gonglve/ziyouxing/58686.html
广州,https://m.mafengwo.cn/gonglve/ziyouxing/123566.html
广州,https://m.mafengwo.cn/gonglve/ziyouxing/180589.html
广州,https://m.mafengwo.cn/gonglve/ziyouxing/254605.html
广州,https://m.mafengwo.cn/gonglve/ziyouxing/1910.html
广州,https://m.mafengwo.cn/gonglve/ziyouxing/121286.html
广州,https://m.mafengwo.cn/gonglve/ziyouxing/44422.html
广州,https://m.mafengwo.cn/gonglve/ziyouxing/45000.html
广州,https://m.mafengwo.cn/gonglve/ziyouxing/44428.html
广州,https://m.mafengwo.cn/gonglve/ziyouxing/44425.html
广州,https://m.mafengwo.cn/gonglve/ziyouxing/234691.html
广州,https://m.mafengwo.cn/gonglve/ziyouxing/100422.html
广州,https://m.mafengwo.cn/gonglve/ziyouxing/102250.html
广州,https://m.mafengwo.cn/gonglve/ziyouxing/148330.html
广州,https://m.mafengwo.cn/gonglve/ziyouxing/109322.html
广州,https://m.mafengwo.cn/gonglve/ziyouxing/72914.html
广州,https://m.mafengwo.cn/gonglve/ziyouxing/1187.html
广州,http://www.mafengwo.cn/gonglve/ziyouxing/251599.html
广州,http://www.mafengwo.cn/gonglve/ziyouxing/251599.html
广州,http://www.mafengwo.cn/gonglve/ziyouxing/251599.html
广州,http://www.mafengwo.cn/gonglve/ziyouxing/218656.html
广州,http://www.mafengwo.cn/gonglve/ziyouxing/218656.html
广州,http://www.mafengwo.cn/gonglve/ziyouxing/218656.html
广州,http://www.mafengwo.cn/gonglve/ziyouxing/217732.html
广州,http://www.mafengwo.cn/gonglve/ziyouxing/217732.html
广州,http://www.mafengwo.cn/gonglve/ziyouxing/217732.html
深圳,https://m.mafengwo.cn/gonglve/ziyouxing/116558.html
深圳,https://m.mafengwo.cn/gonglve/ziyouxing/119966.html
深圳,https://m.mafengwo.cn/gonglve/ziyouxing/50664.html
深圳,https://m.mafengwo.cn/gonglve/ziyouxing/52632.html
深圳,https://m.mafengwo.cn/gonglve/ziyouxing/32538.html
深圳,https://m.mafengwo.cn/gonglve/ziyouxing/254689.html
深圳,https://m.mafengwo.cn/gonglve/ziyouxing/54784.html
深圳,https://m.mafengwo.cn/gonglve/ziyouxing/33663.html
深圳,https://m.mafengwo.cn/gonglve/ziyouxing/50836.html
深圳,https://m.mafengwo.cn/gonglve/ziyouxing/33321.html
深圳,https://m.mafengwo.cn/gonglve/ziyouxing/1955.html
深圳,https://m.mafengwo.cn/gonglve/ziyouxing/54404.html
深圳,https://m.mafengwo.cn/gonglve/ziyouxing/34035.html
深圳,https://m.mafengwo.cn/gonglve/ziyouxing/262711.html
深圳,https://m.mafengwo.cn/gonglve/ziyouxing/117674.html
深圳,https://m.mafengwo.cn/gonglve/ziyouxing/114278.html
深圳,https://m.mafengwo.cn/gonglve/ziyouxing/126246.html
深圳,https://m.mafengwo.cn/gonglve/ziyouxing/135398.html
深圳,https://m.mafengwo.cn/gonglve/ziyouxing/229924.html
深圳,https://m.mafengwo.cn/gonglve/ziyouxing/63034.html
深圳,https://m.mafengwo.cn/gonglve/ziyouxing/117238.html
深圳,https://m.mafengwo.cn/gonglve/ziyouxing/11838.html
深圳,https://m.mafengwo.cn/gonglve/ziyouxing/48640.html
深圳,http://www.mafengwo.cn/gonglve/ziyouxing/258757.html
深圳,http://www.mafengwo.cn/gonglve/ziyouxing/258757.html
深圳,http://www.mafengwo.cn/gonglve/ziyouxing/258757.html
深圳,http://www.mafengwo.cn/gonglve/ziyouxing/254689.html
深圳,http://www.mafengwo.cn/gonglve/ziyouxing/254689.html
深圳,http://www.mafengwo.cn/gonglve/ziyouxing/254689.html
深圳,http://www.mafengwo.cn/gonglve/ziyouxing/235834.html
深圳,http://www.mafengwo.cn/gonglve/ziyouxing/235834.html
深圳,http://www.mafengwo.cn/gonglve/ziyouxing/235834.html
珠海,https://m.mafengwo.cn/gonglve/ziyouxing/93882.html
珠海,http://www.mafengwo.cn/gonglve/ziyouxing/93882.html
珠海,http://www.mafengwo.cn/gonglve/ziyouxing/93882.html
珠海,http://www.mafengwo.cn/gonglve/ziyouxing/93882.html
珠海,http://www.mafengwo.cn/gonglve/ziyouxing/309140.html
珠海,http://www.mafengwo.cn/gonglve/ziyouxing/309140.html
珠海,http://www.mafengwo.cn/gonglve/ziyouxing/309140.html
珠海,http://www.mafengwo.cn/gonglve/ziyouxing/308560.html
珠海,http://www.mafengwo.cn/gonglve/ziyouxing/308560.html
珠海,http://www.mafengwo.cn/gonglve/ziyouxing/308560.html
汕头,http://www.mafengwo.cn/gonglve/ziyouxing/203278.html
汕头,http://www.mafengwo.cn/gonglve/ziyouxing/203278.html
汕头,http://www.mafengwo.cn/gonglve/ziyouxing/203278.html
汕头,http://www.mafengwo.cn/gonglve/ziyouxing/212719.html
汕头,http://www.mafengwo.cn/gonglve/ziyouxing/212719.html
汕头,http://www.mafengwo.cn/gonglve/ziyouxing/212719.html
汕头,http://www.mafengwo.cn/gonglve/ziyouxing/20334.html
汕头,http://www.mafengwo.cn/gonglve/ziyouxing/20334.html
汕头,http://www.mafengwo.cn/gonglve/ziyouxing/20334.html
桂林,https://m.mafengwo.cn/gonglve/ziyouxing/93142.html
桂林,http://www.mafengwo.cn/gonglve/ziyouxing/332.html
桂林,http://www.mafengwo.cn/gonglve/ziyouxing/332.html
桂林,http://www.mafengwo.cn/gonglve/ziyouxing/332.html
桂林,http://www.mafengwo.cn/gonglve/ziyouxing/495.html
桂林,http://www.mafengwo.cn/gonglve/ziyouxing/495.html
桂林,http://www.mafengwo.cn/gonglve/ziyouxing/495.html
桂林,http://www.mafengwo.cn/gonglve/ziyouxing/185161.html
桂林,http://www.mafengwo.cn/gonglve/ziyouxing/185161.html
桂林,http://www.mafengwo.cn/gonglve/ziyouxing/185161.html
阳朔,http://www.mafengwo.cn/gonglve/ziyouxing/332.html
阳朔,http://www.mafengwo.cn/gonglve/ziyouxing/332.html
阳朔,http://www.mafengwo.cn/gonglve/ziyouxing/332.html
阳朔,http://www.mafengwo.cn/gonglve/ziyouxing/105658.html
阳朔,http://www.mafengwo.cn/gonglve/ziyouxing/105658.html
阳朔,http://www.mafengwo.cn/gonglve/ziyouxing/105658.html
阳朔,http://www.mafengwo.cn/gonglve/ziyouxing/495.html
阳朔,http://www.mafengwo.cn/gonglve/ziyouxing/495.html
阳朔,http://www.mafengwo.cn/gonglve/ziyouxing/495.html
北海,http://www.mafengwo.cn/gonglve/ziyouxing/262132.html
北海,http://www.mafengwo.cn/gonglve/ziyouxing/262132.html
北海,http://www.mafengwo.cn/gonglve/ziyouxing/262132.html
北海,http://www.mafengwo.cn/gonglve/ziyouxing/2957.html
北海,http://www.mafengwo.cn/gonglve/ziyouxing/2957.html
北海,http://www.mafengwo.cn/gonglve/ziyouxing/2957.html
北海,http://www.mafengwo.cn/gonglve/ziyouxing/306608.html
北海,http://www.mafengwo.cn/gonglve/ziyouxing/306608.html
北海,http://www.mafengwo.cn/gonglve/ziyouxing/306608.html
黄姚古镇,http://www.mafengwo.cn/gonglve/ziyouxing/201982.html
黄姚古镇,http://www.mafengwo.cn/gonglve/ziyouxing/201982.html
黄姚古镇,http://www.mafengwo.cn/gonglve/ziyouxing/201982.html
黄姚古镇,http://www.mafengwo.cn/gonglve/ziyouxing/31545.html
黄姚古镇,http://www.mafengwo.cn/gonglve/ziyouxing/31545.html
黄姚古镇,http://www.mafengwo.cn/gonglve/ziyouxing/31545.html
黄姚古镇,http://www.mafengwo.cn/gonglve/ziyouxing/1544.html
黄姚古镇,http://www.mafengwo.cn/gonglve/ziyouxing/1544.html
黄姚古镇,http://www.mafengwo.cn/gonglve/ziyouxing/1544.html
涠洲岛,http://www.mafengwo.cn/gonglve/ziyouxing/2957.html
涠洲岛,http://www.mafengwo.cn/gonglve/ziyouxing/2957.html
涠洲岛,http://www.mafengwo.cn/gonglve/ziyouxing/2957.html
涠洲岛,http://www.mafengwo.cn/gonglve/ziyouxing/261232.html
涠洲岛,http://www.mafengwo.cn/gonglve/ziyouxing/261232.html
涠洲岛,http://www.mafengwo.cn/gonglve/ziyouxing/261232.html
涠洲岛,http://www.mafengwo.cn/gonglve/ziyouxing/214045.html
涠洲岛,http://www.mafengwo.cn/gonglve/ziyouxing/214045.html
涠洲岛,http://www.mafengwo.cn/gonglve/ziyouxing/214045.html
龙脊梯田,http://www.mafengwo.cn/gonglve/ziyouxing/483.html
龙脊梯田,http://www.mafengwo.cn/gonglve/ziyouxing/483.html
龙脊梯田,http://www.mafengwo.cn/gonglve/ziyouxing/483.html
龙脊梯田,http://www.mafengwo.cn/gonglve/ziyouxing/315984.html
龙脊梯田,http://www.mafengwo.cn/gonglve/ziyouxing/315984.html
龙脊梯田,http://www.mafengwo.cn/gonglve/ziyouxing/315984.html
龙脊梯田,http://www.mafengwo.cn/gonglve/ziyouxing/304424.html
龙脊梯田,http://www.mafengwo.cn/gonglve/ziyouxing/304424.html
龙脊梯田,http://www.mafengwo.cn/gonglve/ziyouxing/304424.html
西藏,http://www.mafengwo.cn/gonglve/ziyouxing/248611.html
西藏,http://www.mafengwo.cn/gonglve/ziyouxing/248611.html
西藏,http://www.mafengwo.cn/gonglve/ziyouxing/248611.html
西藏,http://www.mafengwo.cn/gonglve/ziyouxing/171127.html
西藏,http://www.mafengwo.cn/gonglve/ziyouxing/171127.html
西藏,http://www.mafengwo.cn/gonglve/ziyouxing/171127.html
西藏,http://www.mafengwo.cn/gonglve/ziyouxing/107310.html
西藏,http://www.mafengwo.cn/gonglve/ziyouxing/107310.html
西藏,http://www.mafengwo.cn/gonglve/ziyouxing/107310.html
贵州,http://www.mafengwo.cn/gonglve/ziyouxing/2276.html
贵州,http://www.mafengwo.cn/gonglve/ziyouxing/2276.html
贵州,http://www.mafengwo.cn/gonglve/ziyouxing/2276.html
贵州,http://www.mafengwo.cn/gonglve/ziyouxing/261091.html
贵州,http://www.mafengwo.cn/gonglve/ziyouxing/261091.html
贵州,http://www.mafengwo.cn/gonglve/ziyouxing/261091.html
贵州,http://www.mafengwo.cn/gonglve/ziyouxing/17841.html
贵州,http://www.mafengwo.cn/gonglve/ziyouxing/17841.html
贵州,http://www.mafengwo.cn/gonglve/ziyouxing/17841.html
拉萨,https://m.mafengwo.cn/gonglve/ziyouxing/100518.html
拉萨,https://m.mafengwo.cn/gonglve/ziyouxing/259030.html
拉萨,http://www.mafengwo.cn/gonglve/ziyouxing/297.html
拉萨,http://www.mafengwo.cn/gonglve/ziyouxing/297.html
拉萨,http://www.mafengwo.cn/gonglve/ziyouxing/297.html
拉萨,http://www.mafengwo.cn/gonglve/ziyouxing/267328.html
拉萨,http://www.mafengwo.cn/gonglve/ziyouxing/267328.html
拉萨,http://www.mafengwo.cn/gonglve/ziyouxing/267328.html
拉萨,http://www.mafengwo.cn/gonglve/ziyouxing/319700.html
拉萨,http://www.mafengwo.cn/gonglve/ziyouxing/319700.html
拉萨,http://www.mafengwo.cn/gonglve/ziyouxing/319700.html
林芝,http://www.mafengwo.cn/gonglve/ziyouxing/5326.html
林芝,http://www.mafengwo.cn/gonglve/ziyouxing/5326.html
林芝,http://www.mafengwo.cn/gonglve/ziyouxing/5326.html
林芝,http://www.mafengwo.cn/gonglve/ziyouxing/235978.html
林芝,http://www.mafengwo.cn/gonglve/ziyouxing/235978.html
林芝,http://www.mafengwo.cn/gonglve/ziyouxing/235978.html
林芝,http://www.mafengwo.cn/gonglve/ziyouxing/234457.html
林芝,http://www.mafengwo.cn/gonglve/ziyouxing/234457.html
林芝,http://www.mafengwo.cn/gonglve/ziyouxing/234457.html
阿里,http://www.mafengwo.cn/gonglve/ziyouxing/278938.html
阿里,http://www.mafengwo.cn/gonglve/ziyouxing/278938.html
阿里,http://www.mafengwo.cn/gonglve/ziyouxing/278938.html
阿里,http://www.mafengwo.cn/gonglve/ziyouxing/312.html
阿里,http://www.mafengwo.cn/gonglve/ziyouxing/312.html
阿里,http://www.mafengwo.cn/gonglve/ziyouxing/312.html
阿里,http://www.mafengwo.cn/gonglve/ziyouxing/319012.html
阿里,http://www.mafengwo.cn/gonglve/ziyouxing/319012.html
阿里,http://www.mafengwo.cn/gonglve/ziyouxing/319012.html
黔东南,http://www.mafengwo.cn/gonglve/ziyouxing/2276.html
黔东南,http://www.mafengwo.cn/gonglve/ziyouxing/2276.html
黔东南,http://www.mafengwo.cn/gonglve/ziyouxing/2276.html
黔东南,http://www.mafengwo.cn/gonglve/ziyouxing/213010.html
黔东南,http://www.mafengwo.cn/gonglve/ziyouxing/213010.html
黔东南,http://www.mafengwo.cn/gonglve/ziyouxing/213010.html
黔东南,http://www.mafengwo.cn/gonglve/ziyouxing/263914.html
黔东南,http://www.mafengwo.cn/gonglve/ziyouxing/263914.html
黔东南,http://www.mafengwo.cn/gonglve/ziyouxing/263914.html
荔波,http://www.mafengwo.cn/gonglve/ziyouxing/468.html
荔波,http://www.mafengwo.cn/gonglve/ziyouxing/468.html
荔波,http://www.mafengwo.cn/gonglve/ziyouxing/468.html
荔波,http://www.mafengwo.cn/gonglve/ziyouxing/244321.html
荔波,http://www.mafengwo.cn/gonglve/ziyouxing/244321.html
荔波,http://www.mafengwo.cn/gonglve/ziyouxing/244321.html
荔波,http://www.mafengwo.cn/gonglve/ziyouxing/299484.html
荔波,http://www.mafengwo.cn/gonglve/ziyouxing/299484.html
荔波,http://www.mafengwo.cn/gonglve/ziyouxing/299484.html
镇远,http://www.mafengwo.cn/gonglve/ziyouxing/468.html
镇远,http://www.mafengwo.cn/gonglve/ziyouxing/468.html
镇远,http://www.mafengwo.cn/gonglve/ziyouxing/468.html
镇远,http://www.mafengwo.cn/gonglve/ziyouxing/97618.html
镇远,http://www.mafengwo.cn/gonglve/ziyouxing/97618.html
镇远,http://www.mafengwo.cn/gonglve/ziyouxing/97618.html
镇远,http://www.mafengwo.cn/gonglve/ziyouxing/266059.html
镇远,http://www.mafengwo.cn/gonglve/ziyouxing/266059.html
镇远,http://www.mafengwo.cn/gonglve/ziyouxing/266059.html
西江,http://www.mafengwo.cn/gonglve/ziyouxing/97618.html
西江,http://www.mafengwo.cn/gonglve/ziyouxing/97618.html
西江,http://www.mafengwo.cn/gonglve/ziyouxing/97618.html
西江,http://www.mafengwo.cn/gonglve/ziyouxing/251464.html
西江,http://www.mafengwo.cn/gonglve/ziyouxing/251464.html
西江,http://www.mafengwo.cn/gonglve/ziyouxing/251464.html
西江,http://www.mafengwo.cn/gonglve/ziyouxing/239806.html
西江,http://www.mafengwo.cn/gonglve/ziyouxing/239806.html
西江,http://www.mafengwo.cn/gonglve/ziyouxing/239806.html
黄果树,http://www.mafengwo.cn/gonglve/ziyouxing/82258.html
黄果树,http://www.mafengwo.cn/gonglve/ziyouxing/82258.html
黄果树,http://www.mafengwo.cn/gonglve/ziyouxing/82258.html
黄果树,http://www.mafengwo.cn/gonglve/ziyouxing/2879.html
黄果树,http://www.mafengwo.cn/gonglve/ziyouxing/2879.html
黄果树,http://www.mafengwo.cn/gonglve/ziyouxing/2879.html
黄果树,http://www.mafengwo.cn/gonglve/ziyouxing/299964.html
黄果树,http://www.mafengwo.cn/gonglve/ziyouxing/299964.html
黄果树,http://www.mafengwo.cn/gonglve/ziyouxing/299964.html
西北,http://www.mafengwo.cn/gonglve/ziyouxing/264385.html
西北,http://www.mafengwo.cn/gonglve/ziyouxing/264385.html
西北,http://www.mafengwo.cn/gonglve/ziyouxing/264385.html
西北,http://www.mafengwo.cn/gonglve/ziyouxing/103470.html
西北,http://www.mafengwo.cn/gonglve/ziyouxing/103470.html
西北,http://www.mafengwo.cn/gonglve/ziyouxing/103470.html
西北,http://www.mafengwo.cn/gonglve/ziyouxing/346.html
西北,http://www.mafengwo.cn/gonglve/ziyouxing/346.html
西北,http://www.mafengwo.cn/gonglve/ziyouxing/346.html
西安,https://m.mafengwo.cn/gonglve/ziyouxing/94234.html
西安,https://m.mafengwo.cn/gonglve/ziyouxing/238093.html
西安,https://m.mafengwo.cn/gonglve/ziyouxing/47952.html
西安,https://m.mafengwo.cn/gonglve/ziyouxing/8548.html
西安,https://m.mafengwo.cn/gonglve/ziyouxing/223087.html
西安,https://m.mafengwo.cn/gonglve/ziyouxing/162979.html
西安,https://m.mafengwo.cn/gonglve/ziyouxing/48760.html
西安,https://m.mafengwo.cn/gonglve/ziyouxing/226471.html
西安,https://m.mafengwo.cn/gonglve/ziyouxing/118486.html
西安,https://m.mafengwo.cn/gonglve/ziyouxing/263437.html
西安,http://www.mafengwo.cn/gonglve/ziyouxing/220666.html
西安,http://www.mafengwo.cn/gonglve/ziyouxing/220666.html
西安,http://www.mafengwo.cn/gonglve/ziyouxing/220666.html
西安,http://www.mafengwo.cn/gonglve/ziyouxing/94234.html
西安,http://www.mafengwo.cn/gonglve/ziyouxing/94234.html
西安,http://www.mafengwo.cn/gonglve/ziyouxing/94234.html
西安,http://www.mafengwo.cn/gonglve/ziyouxing/258787.html
西安,http://www.mafengwo.cn/gonglve/ziyouxing/258787.html
西安,http://www.mafengwo.cn/gonglve/ziyouxing/258787.html
青海湖,https://m.mafengwo.cn/gonglve/ziyouxing/257131.html
青海湖,http://www.mafengwo.cn/gonglve/ziyouxing/321.html
青海湖,http://www.mafengwo.cn/gonglve/ziyouxing/321.html
青海湖,http://www.mafengwo.cn/gonglve/ziyouxing/321.html
青海湖,http://www.mafengwo.cn/gonglve/ziyouxing/24088.html
青海湖,http://www.mafengwo.cn/gonglve/ziyouxing/24088.html
青海湖,http://www.mafengwo.cn/gonglve/ziyouxing/24088.html
青海湖,http://www.mafengwo.cn/gonglve/ziyouxing/275446.html
青海湖,http://www.mafengwo.cn/gonglve/ziyouxing/275446.html
青海湖,http://www.mafengwo.cn/gonglve/ziyouxing/275446.html
西宁,https://m.mafengwo.cn/gonglve/ziyouxing/255292.html
西宁,https://m.mafengwo.cn/gonglve/ziyouxing/253888.html
西宁,https://m.mafengwo.cn/gonglve/ziyouxing/258859.html
西宁,http://www.mafengwo.cn/gonglve/ziyouxing/321.html
西宁,http://www.mafengwo.cn/gonglve/ziyouxing/321.html
西宁,http://www.mafengwo.cn/gonglve/ziyouxing/321.html
西宁,http://www.mafengwo.cn/gonglve/ziyouxing/2906.html
西宁,http://www.mafengwo.cn/gonglve/ziyouxing/2906.html
西宁,http://www.mafengwo.cn/gonglve/ziyouxing/2906.html
西宁,http://www.mafengwo.cn/gonglve/ziyouxing/70782.html
西宁,http://www.mafengwo.cn/gonglve/ziyouxing/70782.html
西宁,http://www.mafengwo.cn/gonglve/ziyouxing/70782.html
祁连,http://www.mafengwo.cn/gonglve/ziyouxing/141301.html
祁连,http://www.mafengwo.cn/gonglve/ziyouxing/141301.html
祁连,http://www.mafengwo.cn/gonglve/ziyouxing/141301.html
祁连,http://www.mafengwo.cn/gonglve/ziyouxing/263767.html
祁连,http://www.mafengwo.cn/gonglve/ziyouxing/263767.html
祁连,http://www.mafengwo.cn/gonglve/ziyouxing/263767.html
祁连,http://www.mafengwo.cn/gonglve/ziyouxing/251872.html
祁连,http://www.mafengwo.cn/gonglve/ziyouxing/251872.html
祁连,http://www.mafengwo.cn/gonglve/ziyouxing/251872.html
敦煌,http://www.mafengwo.cn/gonglve/ziyouxing/321.html
敦煌,http://www.mafengwo.cn/gonglve/ziyouxing/321.html
敦煌,http://www.mafengwo.cn/gonglve/ziyouxing/321.html
敦煌,http://www.mafengwo.cn/gonglve/ziyouxing/197368.html
敦煌,http://www.mafengwo.cn/gonglve/ziyouxing/197368.html
敦煌,http://www.mafengwo.cn/gonglve/ziyouxing/197368.html
敦煌,http://www.mafengwo.cn/gonglve/ziyouxing/4870.html
敦煌,http://www.mafengwo.cn/gonglve/ziyouxing/4870.html
敦煌,http://www.mafengwo.cn/gonglve/ziyouxing/4870.html
兰州,http://www.mafengwo.cn/gonglve/ziyouxing/60802.html
兰州,http://www.mafengwo.cn/gonglve/ziyouxing/60802.html
兰州,http://www.mafengwo.cn/gonglve/ziyouxing/60802.html
兰州,http://www.mafengwo.cn/gonglve/ziyouxing/303068.html
兰州,http://www.mafengwo.cn/gonglve/ziyouxing/303068.html
兰州,http://www.mafengwo.cn/gonglve/ziyouxing/303068.html
兰州,http://www.mafengwo.cn/gonglve/ziyouxing/75034.html
兰州,http://www.mafengwo.cn/gonglve/ziyouxing/75034.html
兰州,http://www.mafengwo.cn/gonglve/ziyouxing/75034.html
甘南,https://m.mafengwo.cn/gonglve/ziyouxing/260056.html
甘南,https://m.mafengwo.cn/gonglve/ziyouxing/139327.html
甘南,https://m.mafengwo.cn/gonglve/ziyouxing/50872.html
甘南,http://www.mafengwo.cn/gonglve/ziyouxing/60802.html
甘南,http://www.mafengwo.cn/gonglve/ziyouxing/60802.html
甘南,http://www.mafengwo.cn/gonglve/ziyouxing/60802.html
甘南,http://www.mafengwo.cn/gonglve/ziyouxing/157189.html
甘南,http://www.mafengwo.cn/gonglve/ziyouxing/157189.html
甘南,http://www.mafengwo.cn/gonglve/ziyouxing/157189.html
甘南,http://www.mafengwo.cn/gonglve/ziyouxing/272869.html
甘南,http://www.mafengwo.cn/gonglve/ziyouxing/272869.html
甘南,http://www.mafengwo.cn/gonglve/ziyouxing/272869.html
张掖,http://www.mafengwo.cn/gonglve/ziyouxing/321.html
张掖,http://www.mafengwo.cn/gonglve/ziyouxing/321.html
张掖,http://www.mafengwo.cn/gonglve/ziyouxing/321.html
张掖,http://www.mafengwo.cn/gonglve/ziyouxing/179512.html
张掖,http://www.mafengwo.cn/gonglve/ziyouxing/179512.html
张掖,http://www.mafengwo.cn/gonglve/ziyouxing/179512.html
张掖,http://www.mafengwo.cn/gonglve/ziyouxing/233584.html
张掖,http://www.mafengwo.cn/gonglve/ziyouxing/233584.html
张掖,http://www.mafengwo.cn/gonglve/ziyouxing/233584.html
嘉峪关,https://m.mafengwo.cn/gonglve/ziyouxing/288644.html
嘉峪关,http://www.mafengwo.cn/gonglve/ziyouxing/171967.html
嘉峪关,http://www.mafengwo.cn/gonglve/ziyouxing/171967.html
嘉峪关,http://www.mafengwo.cn/gonglve/ziyouxing/171967.html
嘉峪关,http://www.mafengwo.cn/gonglve/ziyouxing/288644.html
嘉峪关,http://www.mafengwo.cn/gonglve/ziyouxing/288644.html
嘉峪关,http://www.mafengwo.cn/gonglve/ziyouxing/288644.html
嘉峪关,http://www.mafengwo.cn/gonglve/ziyouxing/281768.html
嘉峪关,http://www.mafengwo.cn/gonglve/ziyouxing/281768.html
嘉峪关,http://www.mafengwo.cn/gonglve/ziyouxing/281768.html
新疆,https://m.mafengwo.cn/gonglve/ziyouxing/252235.html
新疆,https://m.mafengwo.cn/gonglve/ziyouxing/92326.html
新疆,https://m.mafengwo.cn/gonglve/ziyouxing/2072.html
新疆,https://m.mafengwo.cn/gonglve/ziyouxing/92694.html
新疆,http://www.mafengwo.cn/gonglve/ziyouxing/112050.html
新疆,http://www.mafengwo.cn/gonglve/ziyouxing/112050.html
新疆,http://www.mafengwo.cn/gonglve/ziyouxing/112050.html
新疆,http://www.mafengwo.cn/gonglve/ziyouxing/252235.html
新疆,http://www.mafengwo.cn/gonglve/ziyouxing/252235.html
新疆,http://www.mafengwo.cn/gonglve/ziyouxing/252235.html
新疆,http://www.mafengwo.cn/gonglve/ziyouxing/5773.html
新疆,http://www.mafengwo.cn/gonglve/ziyouxing/5773.html
新疆,http://www.mafengwo.cn/gonglve/ziyouxing/5773.html
山东,http://www.mafengwo.cn/gonglve/ziyouxing/135648.html
山东,http://www.mafengwo.cn/gonglve/ziyouxing/135648.html
山东,http://www.mafengwo.cn/gonglve/ziyouxing/135648.html
山东,http://www.mafengwo.cn/gonglve/ziyouxing/2705.html
山东,http://www.mafengwo.cn/gonglve/ziyouxing/2705.html
山东,http://www.mafengwo.cn/gonglve/ziyouxing/2705.html
山东,http://www.mafengwo.cn/gonglve/ziyouxing/54792.html
山东,http://www.mafengwo.cn/gonglve/ziyouxing/54792.html
山东,http://www.mafengwo.cn/gonglve/ziyouxing/54792.html
山西,http://www.mafengwo.cn/gonglve/ziyouxing/2276.html
山西,http://www.mafengwo.cn/gonglve/ziyouxing/2276.html
山西,http://www.mafengwo.cn/gonglve/ziyouxing/2276.html
山西,http://www.mafengwo.cn/gonglve/ziyouxing/44230.html
山西,http://www.mafengwo.cn/gonglve/ziyouxing/44230.html
山西,http://www.mafengwo.cn/gonglve/ziyouxing/44230.html
山西,http://www.mafengwo.cn/gonglve/ziyouxing/42439.html
山西,http://www.mafengwo.cn/gonglve/ziyouxing/42439.html
山西,http://www.mafengwo.cn/gonglve/ziyouxing/42439.html
青岛,https://m.mafengwo.cn/gonglve/ziyouxing/62426.html
青岛,https://m.mafengwo.cn/gonglve/ziyouxing/62338.html
青岛,https://m.mafengwo.cn/gonglve/ziyouxing/53100.html
青岛,https://m.mafengwo.cn/gonglve/ziyouxing/128942.html
青岛,https://m.mafengwo.cn/gonglve/ziyouxing/159556.html
青岛,https://m.mafengwo.cn/gonglve/ziyouxing/175309.html
青岛,https://m.mafengwo.cn/gonglve/ziyouxing/55344.html
青岛,https://m.mafengwo.cn/gonglve/ziyouxing/132802.html
青岛,https://m.mafengwo.cn/gonglve/ziyouxing/138508.html
青岛,https://m.mafengwo.cn/gonglve/ziyouxing/136864.html
青岛,https://m.mafengwo.cn/gonglve/ziyouxing/134270.html
青岛,https://m.mafengwo.cn/gonglve/ziyouxing/280558.html
青岛,https://m.mafengwo.cn/gonglve/ziyouxing/98622.html
青岛,https://m.mafengwo.cn/gonglve/ziyouxing/27085.html
青岛,https://m.mafengwo.cn/gonglve/ziyouxing/94306.html
青岛,https://m.mafengwo.cn/gonglve/ziyouxing/94274.html
青岛,https://m.mafengwo.cn/gonglve/ziyouxing/55292.html
青岛,https://m.mafengwo.cn/gonglve/ziyouxing/150853.html
青岛,http://www.mafengwo.cn/gonglve/ziyouxing/135648.html
青岛,http://www.mafengwo.cn/gonglve/ziyouxing/135648.html
青岛,http://www.mafengwo.cn/gonglve/ziyouxing/135648.html
青岛,http://www.mafengwo.cn/gonglve/ziyouxing/2705.html
青岛,http://www.mafengwo.cn/gonglve/ziyouxing/2705.html
青岛,http://www.mafengwo.cn/gonglve/ziyouxing/2705.html
青岛,http://www.mafengwo.cn/gonglve/ziyouxing/258715.html
青岛,http://www.mafengwo.cn/gonglve/ziyouxing/258715.html
青岛,http://www.mafengwo.cn/gonglve/ziyouxing/258715.html
泰山,http://www.mafengwo.cn/gonglve/ziyouxing/603.html
泰山,http://www.mafengwo.cn/gonglve/ziyouxing/603.html
泰山,http://www.mafengwo.cn/gonglve/ziyouxing/603.html
泰山,http://www.mafengwo.cn/gonglve/ziyouxing/262594.html
泰山,http://www.mafengwo.cn/gonglve/ziyouxing/262594.html
泰山,http://www.mafengwo.cn/gonglve/ziyouxing/262594.html
泰山,http://www.mafengwo.cn/gonglve/ziyouxing/41260.html
泰山,http://www.mafengwo.cn/gonglve/ziyouxing/41260.html
泰山,http://www.mafengwo.cn/gonglve/ziyouxing/41260.html
日照,https://m.mafengwo.cn/gonglve/ziyouxing/251086.html
日照,https://m.mafengwo.cn/gonglve/ziyouxing/256384.html
日照,https://m.mafengwo.cn/gonglve/ziyouxing/247510.html
日照,http://www.mafengwo.cn/gonglve/ziyouxing/184369.html
日照,http://www.mafengwo.cn/gonglve/ziyouxing/184369.html
日照,http://www.mafengwo.cn/gonglve/ziyouxing/184369.html
日照,http://www.mafengwo.cn/gonglve/ziyouxing/318752.html
日照,http://www.mafengwo.cn/gonglve/ziyouxing/318752.html
日照,http://www.mafengwo.cn/gonglve/ziyouxing/318752.html
日照,http://www.mafengwo.cn/gonglve/ziyouxing/317088.html
日照,http://www.mafengwo.cn/gonglve/ziyouxing/317088.html
日照,http://www.mafengwo.cn/gonglve/ziyouxing/317088.html
威海,http://www.mafengwo.cn/gonglve/ziyouxing/268363.html
威海,http://www.mafengwo.cn/gonglve/ziyouxing/268363.html
威海,http://www.mafengwo.cn/gonglve/ziyouxing/268363.html
威海,http://www.mafengwo.cn/gonglve/ziyouxing/104778.html
威海,http://www.mafengwo.cn/gonglve/ziyouxing/104778.html
威海,http://www.mafengwo.cn/gonglve/ziyouxing/104778.html
威海,http://www.mafengwo.cn/gonglve/ziyouxing/284932.html
威海,http://www.mafengwo.cn/gonglve/ziyouxing/284932.html
威海,http://www.mafengwo.cn/gonglve/ziyouxing/284932.html
烟台,http://www.mafengwo.cn/gonglve/ziyouxing/288892.html
烟台,http://www.mafengwo.cn/gonglve/ziyouxing/288892.html
烟台,http://www.mafengwo.cn/gonglve/ziyouxing/288892.html
烟台,http://www.mafengwo.cn/gonglve/ziyouxing/223750.html
烟台,http://www.mafengwo.cn/gonglve/ziyouxing/223750.html
烟台,http://www.mafengwo.cn/gonglve/ziyouxing/223750.html
烟台,http://www.mafengwo.cn/gonglve/ziyouxing/223621.html
烟台,http://www.mafengwo.cn/gonglve/ziyouxing/223621.html
烟台,http://www.mafengwo.cn/gonglve/ziyouxing/223621.html
长岛,http://www.mafengwo.cn/gonglve/ziyouxing/138586.html
长岛,http://www.mafengwo.cn/gonglve/ziyouxing/138586.html
长岛,http://www.mafengwo.cn/gonglve/ziyouxing/138586.html
长岛,http://www.mafengwo.cn/gonglve/ziyouxing/296728.html
长岛,http://www.mafengwo.cn/gonglve/ziyouxing/296728.html
长岛,http://www.mafengwo.cn/gonglve/ziyouxing/296728.html
长岛,http://www.mafengwo.cn/gonglve/ziyouxing/279784.html
长岛,http://www.mafengwo.cn/gonglve/ziyouxing/279784.html
长岛,http://www.mafengwo.cn/gonglve/ziyouxing/279784.html
蓬莱,http://www.mafengwo.cn/gonglve/ziyouxing/288480.html
蓬莱,http://www.mafengwo.cn/gonglve/ziyouxing/288480.html
蓬莱,http://www.mafengwo.cn/gonglve/ziyouxing/288480.html
蓬莱,http://www.mafengwo.cn/gonglve/ziyouxing/205225.html
蓬莱,http://www.mafengwo.cn/gonglve/ziyouxing/205225.html
蓬莱,http://www.mafengwo.cn/gonglve/ziyouxing/205225.html
蓬莱,http://www.mafengwo.cn/gonglve/ziyouxing/205033.html
蓬莱,http://www.mafengwo.cn/gonglve/ziyouxing/205033.html
蓬莱,http://www.mafengwo.cn/gonglve/ziyouxing/205033.html
平遥,http://www.mafengwo.cn/gonglve/ziyouxing/2276.html
平遥,http://www.mafengwo.cn/gonglve/ziyouxing/2276.html
平遥,http://www.mafengwo.cn/gonglve/ziyouxing/2276.html
平遥,http://www.mafengwo.cn/gonglve/ziyouxing/57278.html
平遥,http://www.mafengwo.cn/gonglve/ziyouxing/57278.html
平遥,http://www.mafengwo.cn/gonglve/ziyouxing/57278.html
平遥,http://www.mafengwo.cn/gonglve/ziyouxing/58382.html
平遥,http://www.mafengwo.cn/gonglve/ziyouxing/58382.html
平遥,http://www.mafengwo.cn/gonglve/ziyouxing/58382.html
大同,https://m.mafengwo.cn/gonglve/ziyouxing/223177.html
大同,https://m.mafengwo.cn/gonglve/ziyouxing/263923.html
大同,http://www.mafengwo.cn/gonglve/ziyouxing/302156.html
大同,http://www.mafengwo.cn/gonglve/ziyouxing/302156.html
大同,http://www.mafengwo.cn/gonglve/ziyouxing/302156.html
大同,http://www.mafengwo.cn/gonglve/ziyouxing/302052.html
大同,http://www.mafengwo.cn/gonglve/ziyouxing/302052.html
大同,http://www.mafengwo.cn/gonglve/ziyouxing/302052.html
大同,http://www.mafengwo.cn/gonglve/ziyouxing/301888.html
大同,http://www.mafengwo.cn/gonglve/ziyouxing/301888.html
大同,http://www.mafengwo.cn/gonglve/ziyouxing/301888.html
五台山,http://www.mafengwo.cn/gonglve/ziyouxing/247648.html
五台山,http://www.mafengwo.cn/gonglve/ziyouxing/247648.html
五台山,http://www.mafengwo.cn/gonglve/ziyouxing/247648.html
五台山,http://www.mafengwo.cn/gonglve/ziyouxing/225757.html
五台山,http://www.mafengwo.cn/gonglve/ziyouxing/225757.html
五台山,http://www.mafengwo.cn/gonglve/ziyouxing/225757.html
五台山,http://www.mafengwo.cn/gonglve/ziyouxing/187201.html
五台山,http://www.mafengwo.cn/gonglve/ziyouxing/187201.html
五台山,http://www.mafengwo.cn/gonglve/ziyouxing/187201.html
壶口瀑布,http://www.mafengwo.cn/gonglve/ziyouxing/211762.html
壶口瀑布,http://www.mafengwo.cn/gonglve/ziyouxing/211762.html
壶口瀑布,http://www.mafengwo.cn/gonglve/ziyouxing/211762.html
壶口瀑布,http://www.mafengwo.cn/gonglve/ziyouxing/44230.html
壶口瀑布,http://www.mafengwo.cn/gonglve/ziyouxing/44230.html
壶口瀑布,http://www.mafengwo.cn/gonglve/ziyouxing/44230.html
壶口瀑布,http://www.mafengwo.cn/gonglve/ziyouxing/230788.html
壶口瀑布,http://www.mafengwo.cn/gonglve/ziyouxing/230788.html
壶口瀑布,http://www.mafengwo.cn/gonglve/ziyouxing/230788.html
湖南,http://www.mafengwo.cn/gonglve/ziyouxing/76954.html
湖南,http://www.mafengwo.cn/gonglve/ziyouxing/76954.html
湖南,http://www.mafengwo.cn/gonglve/ziyouxing/76954.html
湖南,http://www.mafengwo.cn/gonglve/ziyouxing/47148.html
湖南,http://www.mafengwo.cn/gonglve/ziyouxing/47148.html
湖南,http://www.mafengwo.cn/gonglve/ziyouxing/47148.html
湖南,http://www.mafengwo.cn/gonglve/ziyouxing/47016.html
湖南,http://www.mafengwo.cn/gonglve/ziyouxing/47016.html
湖南,http://www.mafengwo.cn/gonglve/ziyouxing/47016.html
湖北,http://www.mafengwo.cn/gonglve/ziyouxing/96534.html
湖北,http://www.mafengwo.cn/gonglve/ziyouxing/96534.html
湖北,http://www.mafengwo.cn/gonglve/ziyouxing/96534.html
湖北,http://www.mafengwo.cn/gonglve/ziyouxing/68962.html
湖北,http://www.mafengwo.cn/gonglve/ziyouxing/68962.html
湖北,http://www.mafengwo.cn/gonglve/ziyouxing/68962.html
湖北,http://www.mafengwo.cn/gonglve/ziyouxing/105558.html
湖北,http://www.mafengwo.cn/gonglve/ziyouxing/105558.html
湖北,http://www.mafengwo.cn/gonglve/ziyouxing/105558.html
张家界,http://www.mafengwo.cn/gonglve/ziyouxing/210538.html
张家界,http://www.mafengwo.cn/gonglve/ziyouxing/210538.html
张家界,http://www.mafengwo.cn/gonglve/ziyouxing/210538.html
张家界,http://www.mafengwo.cn/gonglve/ziyouxing/76954.html
张家界,http://www.mafengwo.cn/gonglve/ziyouxing/76954.html
张家界,http://www.mafengwo.cn/gonglve/ziyouxing/76954.html
张家界,http://www.mafengwo.cn/gonglve/ziyouxing/44341.html
张家界,http://www.mafengwo.cn/gonglve/ziyouxing/44341.html
张家界,http://www.mafengwo.cn/gonglve/ziyouxing/44341.html
凤凰,https://m.mafengwo.cn/gonglve/ziyouxing/10221.html
凤凰,https://m.mafengwo.cn/gonglve/ziyouxing/9091.html
凤凰,https://m.mafengwo.cn/gonglve/ziyouxing/10221.html
凤凰,https://m.mafengwo.cn/gonglve/ziyouxing/1949.html
凤凰,https://m.mafengwo.cn/gonglve/ziyouxing/12333.html
凤凰,https://m.mafengwo.cn/gonglve/ziyouxing/7993.html
凤凰,https://m.mafengwo.cn/gonglve/ziyouxing/263770.html
凤凰,http://www.mafengwo.cn/gonglve/ziyouxing/11658.html
凤凰,http://www.mafengwo.cn/gonglve/ziyouxing/11658.html
凤凰,http://www.mafengwo.cn/gonglve/ziyouxing/11658.html
凤凰,http://www.mafengwo.cn/gonglve/ziyouxing/44341.html
凤凰,http://www.mafengwo.cn/gonglve/ziyouxing/44341.html
凤凰,http://www.mafengwo.cn/gonglve/ziyouxing/44341.html
凤凰,http://www.mafengwo.cn/gonglve/ziyouxing/294352.html
凤凰,http://www.mafengwo.cn/gonglve/ziyouxing/294352.html
凤凰,http://www.mafengwo.cn/gonglve/ziyouxing/294352.html
郴州,http://www.mafengwo.cn/gonglve/ziyouxing/170944.html
郴州,http://www.mafengwo.cn/gonglve/ziyouxing/170944.html
郴州,http://www.mafengwo.cn/gonglve/ziyouxing/170944.html
郴州,http://www.mafengwo.cn/gonglve/ziyouxing/306356.html
郴州,http://www.mafengwo.cn/gonglve/ziyouxing/306356.html
郴州,http://www.mafengwo.cn/gonglve/ziyouxing/306356.html
郴州,http://www.mafengwo.cn/gonglve/ziyouxing/218740.html
郴州,http://www.mafengwo.cn/gonglve/ziyouxing/218740.html
郴州,http://www.mafengwo.cn/gonglve/ziyouxing/218740.html
武汉,https://m.mafengwo.cn/gonglve/ziyouxing/153283.html
武汉,https://m.mafengwo.cn/gonglve/ziyouxing/135458.html
武汉,https://m.mafengwo.cn/gonglve/ziyouxing/68962.html
武汉,https://m.mafengwo.cn/gonglve/ziyouxing/78254.html
武汉,https://m.mafengwo.cn/gonglve/ziyouxing/77806.html
武汉,https://m.mafengwo.cn/gonglve/ziyouxing/241687.html
武汉,https://m.mafengwo.cn/gonglve/ziyouxing/127818.html
武汉,https://m.mafengwo.cn/gonglve/ziyouxing/279694.html
武汉,https://m.mafengwo.cn/gonglve/ziyouxing/201994.html
武汉,https://m.mafengwo.cn/gonglve/ziyouxing/64798.html
武汉,https://m.mafengwo.cn/gonglve/ziyouxing/220468.html
武汉,https://m.mafengwo.cn/gonglve/ziyouxing/76198.html
武汉,https://m.mafengwo.cn/gonglve/ziyouxing/245212.html
武汉,https://m.mafengwo.cn/gonglve/ziyouxing/78222.html
武汉,https://m.mafengwo.cn/gonglve/ziyouxing/107590.html
武汉,https://m.mafengwo.cn/gonglve/ziyouxing/233800.html
武汉,https://m.mafengwo.cn/gonglve/ziyouxing/259846.html
武汉,http://www.mafengwo.cn/gonglve/ziyouxing/135458.html
武汉,http://www.mafengwo.cn/gonglve/ziyouxing/135458.html
武汉,http://www.mafengwo.cn/gonglve/ziyouxing/135458.html
武汉,http://www.mafengwo.cn/gonglve/ziyouxing/68962.html
武汉,http://www.mafengwo.cn/gonglve/ziyouxing/68962.html
武汉,http://www.mafengwo.cn/gonglve/ziyouxing/68962.html
武汉,http://www.mafengwo.cn/gonglve/ziyouxing/250882.html
武汉,http://www.mafengwo.cn/gonglve/ziyouxing/250882.html
武汉,http://www.mafengwo.cn/gonglve/ziyouxing/250882.html
恩施,http://www.mafengwo.cn/gonglve/ziyouxing/195214.html
恩施,http://www.mafengwo.cn/gonglve/ziyouxing/195214.html
恩施,http://www.mafengwo.cn/gonglve/ziyouxing/195214.html
恩施,http://www.mafengwo.cn/gonglve/ziyouxing/148783.html
恩施,http://www.mafengwo.cn/gonglve/ziyouxing/148783.html
恩施,http://www.mafengwo.cn/gonglve/ziyouxing/148783.html
恩施,http://www.mafengwo.cn/gonglve/ziyouxing/96534.html
恩施,http://www.mafengwo.cn/gonglve/ziyouxing/96534.html
恩施,http://www.mafengwo.cn/gonglve/ziyouxing/96534.html
神农架,http://www.mafengwo.cn/gonglve/ziyouxing/17025.html
神农架,http://www.mafengwo.cn/gonglve/ziyouxing/17025.html
神农架,http://www.mafengwo.cn/gonglve/ziyouxing/17025.html
神农架,http://www.mafengwo.cn/gonglve/ziyouxing/292236.html
神农架,http://www.mafengwo.cn/gonglve/ziyouxing/292236.html
神农架,http://www.mafengwo.cn/gonglve/ziyouxing/292236.html
神农架,http://www.mafengwo.cn/gonglve/ziyouxing/250012.html
神农架,http://www.mafengwo.cn/gonglve/ziyouxing/250012.html
神农架,http://www.mafengwo.cn/gonglve/ziyouxing/250012.html
安徽,http://www.mafengwo.cn/gonglve/ziyouxing/2276.html
安徽,http://www.mafengwo.cn/gonglve/ziyouxing/2276.html
安徽,http://www.mafengwo.cn/gonglve/ziyouxing/2276.html
安徽,http://www.mafengwo.cn/gonglve/ziyouxing/170050.html
安徽,http://www.mafengwo.cn/gonglve/ziyouxing/170050.html
安徽,http://www.mafengwo.cn/gonglve/ziyouxing/170050.html
安徽,http://www.mafengwo.cn/gonglve/ziyouxing/270229.html
安徽,http://www.mafengwo.cn/gonglve/ziyouxing/270229.html
安徽,http://www.mafengwo.cn/gonglve/ziyouxing/270229.html
江西,http://www.mafengwo.cn/gonglve/ziyouxing/60146.html
江西,http://www.mafengwo.cn/gonglve/ziyouxing/60146.html
江西,http://www.mafengwo.cn/gonglve/ziyouxing/60146.html
江西,http://www.mafengwo.cn/gonglve/ziyouxing/66138.html
江西,http://www.mafengwo.cn/gonglve/ziyouxing/66138.html
江西,http://www.mafengwo.cn/gonglve/ziyouxing/66138.html
江西,http://www.mafengwo.cn/gonglve/ziyouxing/105026.html
江西,http://www.mafengwo.cn/gonglve/ziyouxing/105026.html
江西,http://www.mafengwo.cn/gonglve/ziyouxing/105026.html
黄山,https://m.mafengwo.cn/gonglve/ziyouxing/169735.html
黄山,http://www.mafengwo.cn/gonglve/ziyouxing/2276.html
黄山,http://www.mafengwo.cn/gonglve/ziyouxing/2276.html
黄山,http://www.mafengwo.cn/gonglve/ziyouxing/2276.html
黄山,http://www.mafengwo.cn/gonglve/ziyouxing/5350.html
黄山,http://www.mafengwo.cn/gonglve/ziyouxing/5350.html
黄山,http://www.mafengwo.cn/gonglve/ziyouxing/5350.html
黄山,http://www.mafengwo.cn/gonglve/ziyouxing/231355.html
黄山,http://www.mafengwo.cn/gonglve/ziyouxing/231355.html
黄山,http://www.mafengwo.cn/gonglve/ziyouxing/231355.html
宏村,http://www.mafengwo.cn/gonglve/ziyouxing/2276.html
宏村,http://www.mafengwo.cn/gonglve/ziyouxing/2276.html
宏村,http://www.mafengwo.cn/gonglve/ziyouxing/2276.html
宏村,http://www.mafengwo.cn/gonglve/ziyouxing/5350.html
宏村,http://www.mafengwo.cn/gonglve/ziyouxing/5350.html
宏村,http://www.mafengwo.cn/gonglve/ziyouxing/5350.html
宏村,http://www.mafengwo.cn/gonglve/ziyouxing/334.html
宏村,http://www.mafengwo.cn/gonglve/ziyouxing/334.html
宏村,http://www.mafengwo.cn/gonglve/ziyouxing/334.html
婺源,https://m.mafengwo.cn/gonglve/ziyouxing/66138.html
婺源,http://www.mafengwo.cn/gonglve/ziyouxing/105026.html
婺源,http://www.mafengwo.cn/gonglve/ziyouxing/105026.html
婺源,http://www.mafengwo.cn/gonglve/ziyouxing/105026.html
婺源,http://www.mafengwo.cn/gonglve/ziyouxing/215620.html
婺源,http://www.mafengwo.cn/gonglve/ziyouxing/215620.html
婺源,http://www.mafengwo.cn/gonglve/ziyouxing/215620.html
婺源,http://www.mafengwo.cn/gonglve/ziyouxing/122802.html
婺源,http://www.mafengwo.cn/gonglve/ziyouxing/122802.html
婺源,http://www.mafengwo.cn/gonglve/ziyouxing/122802.html
景德镇,http://www.mafengwo.cn/gonglve/ziyouxing/105026.html
景德镇,http://www.mafengwo.cn/gonglve/ziyouxing/105026.html
景德镇,http://www.mafengwo.cn/gonglve/ziyouxing/105026.html
景德镇,http://www.mafengwo.cn/gonglve/ziyouxing/269452.html
景德镇,http://www.mafengwo.cn/gonglve/ziyouxing/269452.html
景德镇,http://www.mafengwo.cn/gonglve/ziyouxing/269452.html
景德镇,http://www.mafengwo.cn/gonglve/ziyouxing/169273.html
景德镇,http://www.mafengwo.cn/gonglve/ziyouxing/169273.html
景德镇,http://www.mafengwo.cn/gonglve/ziyouxing/169273.html
庐山,http://www.mafengwo.cn/gonglve/ziyouxing/105026.html
庐山,http://www.mafengwo.cn/gonglve/ziyouxing/105026.html
庐山,http://www.mafengwo.cn/gonglve/ziyouxing/105026.html
庐山,http://www.mafengwo.cn/gonglve/ziyouxing/316692.html
庐山,http://www.mafengwo.cn/gonglve/ziyouxing/316692.html
庐山,http://www.mafengwo.cn/gonglve/ziyouxing/316692.html
庐山,http://www.mafengwo.cn/gonglve/ziyouxing/282628.html
庐山,http://www.mafengwo.cn/gonglve/ziyouxing/282628.html
庐山,http://www.mafengwo.cn/gonglve/ziyouxing/282628.html
三清山,http://www.mafengwo.cn/gonglve/ziyouxing/227056.html
三清山,http://www.mafengwo.cn/gonglve/ziyouxing/227056.html
三清山,http://www.mafengwo.cn/gonglve/ziyouxing/227056.html
三清山,http://www.mafengwo.cn/gonglve/ziyouxing/36448.html
三清山,http://www.mafengwo.cn/gonglve/ziyouxing/36448.html
三清山,http://www.mafengwo.cn/gonglve/ziyouxing/36448.html
三清山,http://www.mafengwo.cn/gonglve/ziyouxing/36319.html
三清山,http://www.mafengwo.cn/gonglve/ziyouxing/36319.html
三清山,http://www.mafengwo.cn/gonglve/ziyouxing/36319.html
南昌,http://www.mafengwo.cn/gonglve/ziyouxing/160822.html
南昌,http://www.mafengwo.cn/gonglve/ziyouxing/160822.html
南昌,http://www.mafengwo.cn/gonglve/ziyouxing/160822.html
南昌,http://www.mafengwo.cn/gonglve/ziyouxing/94386.html
南昌,http://www.mafengwo.cn/gonglve/ziyouxing/94386.html
南昌,http://www.mafengwo.cn/gonglve/ziyouxing/94386.html
南昌,http://www.mafengwo.cn/gonglve/ziyouxing/294540.html
南昌,http://www.mafengwo.cn/gonglve/ziyouxing/294540.html
南昌,http://www.mafengwo.cn/gonglve/ziyouxing/294540.html
河北,http://www.mafengwo.cn/gonglve/ziyouxing/319764.html
河北,http://www.mafengwo.cn/gonglve/ziyouxing/319764.html
河北,http://www.mafengwo.cn/gonglve/ziyouxing/319764.html
河北,http://www.mafengwo.cn/gonglve/ziyouxing/301560.html
河北,http://www.mafengwo.cn/gonglve/ziyouxing/301560.html
河北,http://www.mafengwo.cn/gonglve/ziyouxing/301560.html
河北,http://www.mafengwo.cn/gonglve/ziyouxing/262414.html
河北,http://www.mafengwo.cn/gonglve/ziyouxing/262414.html
河北,http://www.mafengwo.cn/gonglve/ziyouxing/262414.html
河南,http://www.mafengwo.cn/gonglve/ziyouxing/42094.html
河南,http://www.mafengwo.cn/gonglve/ziyouxing/42094.html
河南,http://www.mafengwo.cn/gonglve/ziyouxing/42094.html
河南,http://www.mafengwo.cn/gonglve/ziyouxing/40129.html
河南,http://www.mafengwo.cn/gonglve/ziyouxing/40129.html
河南,http://www.mafengwo.cn/gonglve/ziyouxing/40129.html
河南,http://www.mafengwo.cn/gonglve/ziyouxing/37555.html
河南,http://www.mafengwo.cn/gonglve/ziyouxing/37555.html
河南,http://www.mafengwo.cn/gonglve/ziyouxing/37555.html
北戴河,https://m.mafengwo.cn/gonglve/ziyouxing/247426.html
北戴河,https://m.mafengwo.cn/gonglve/ziyouxing/129894.html
北戴河,https://m.mafengwo.cn/gonglve/ziyouxing/2018.html
北戴河,http://www.mafengwo.cn/gonglve/ziyouxing/309524.html
北戴河,http://www.mafengwo.cn/gonglve/ziyouxing/309524.html
北戴河,http://www.mafengwo.cn/gonglve/ziyouxing/309524.html
北戴河,http://www.mafengwo.cn/gonglve/ziyouxing/284796.html
北戴河,http://www.mafengwo.cn/gonglve/ziyouxing/284796.html
北戴河,http://www.mafengwo.cn/gonglve/ziyouxing/284796.html
北戴河,http://www.mafengwo.cn/gonglve/ziyouxing/284560.html
北戴河,http://www.mafengwo.cn/gonglve/ziyouxing/284560.html
北戴河,http://www.mafengwo.cn/gonglve/ziyouxing/284560.html
秦皇岛,http://www.mafengwo.cn/gonglve/ziyouxing/249253.html
秦皇岛,http://www.mafengwo.cn/gonglve/ziyouxing/249253.html
秦皇岛,http://www.mafengwo.cn/gonglve/ziyouxing/249253.html
秦皇岛,http://www.mafengwo.cn/gonglve/ziyouxing/225055.html
秦皇岛,http://www.mafengwo.cn/gonglve/ziyouxing/225055.html
秦皇岛,http://www.mafengwo.cn/gonglve/ziyouxing/225055.html
秦皇岛,http://www.mafengwo.cn/gonglve/ziyouxing/132574.html
秦皇岛,http://www.mafengwo.cn/gonglve/ziyouxing/132574.html
秦皇岛,http://www.mafengwo.cn/gonglve/ziyouxing/132574.html
承德,http://www.mafengwo.cn/gonglve/ziyouxing/246637.html
承德,http://www.mafengwo.cn/gonglve/ziyouxing/246637.html
承德,http://www.mafengwo.cn/gonglve/ziyouxing/246637.html
承德,http://www.mafengwo.cn/gonglve/ziyouxing/295656.html
承德,http://www.mafengwo.cn/gonglve/ziyouxing/295656.html
承德,http://www.mafengwo.cn/gonglve/ziyouxing/295656.html
承德,http://www.mafengwo.cn/gonglve/ziyouxing/282588.html
承德,http://www.mafengwo.cn/gonglve/ziyouxing/282588.html
承德,http://www.mafengwo.cn/gonglve/ziyouxing/282588.html
少林寺,http://www.mafengwo.cn/gonglve/ziyouxing/164914.html
少林寺,http://www.mafengwo.cn/gonglve/ziyouxing/164914.html
少林寺,http://www.mafengwo.cn/gonglve/ziyouxing/164914.html
少林寺,http://www.mafengwo.cn/gonglve/ziyouxing/156433.html
少林寺,http://www.mafengwo.cn/gonglve/ziyouxing/156433.html
少林寺,http://www.mafengwo.cn/gonglve/ziyouxing/156433.html
少林寺,http://www.mafengwo.cn/gonglve/ziyouxing/39769.html
少林寺,http://www.mafengwo.cn/gonglve/ziyouxing/39769.html
少林寺,http://www.mafengwo.cn/gonglve/ziyouxing/39769.html
洛阳,https://m.mafengwo.cn/gonglve/ziyouxing/260215.html
洛阳,http://www.mafengwo.cn/gonglve/ziyouxing/294332.html
洛阳,http://www.mafengwo.cn/gonglve/ziyouxing/294332.html
洛阳,http://www.mafengwo.cn/gonglve/ziyouxing/294332.html
洛阳,http://www.mafengwo.cn/gonglve/ziyouxing/42094.html
洛阳,http://www.mafengwo.cn/gonglve/ziyouxing/42094.html
洛阳,http://www.mafengwo.cn/gonglve/ziyouxing/42094.html
洛阳,http://www.mafengwo.cn/gonglve/ziyouxing/316832.html
洛阳,http://www.mafengwo.cn/gonglve/ziyouxing/316832.html
洛阳,http://www.mafengwo.cn/gonglve/ziyouxing/316832.html
内蒙古,http://www.mafengwo.cn/gonglve/ziyouxing/77926.html
内蒙古,http://www.mafengwo.cn/gonglve/ziyouxing/77926.html
内蒙古,http://www.mafengwo.cn/gonglve/ziyouxing/77926.html
内蒙古,http://www.mafengwo.cn/gonglve/ziyouxing/132606.html
内蒙古,http://www.mafengwo.cn/gonglve/ziyouxing/132606.html
内蒙古,http://www.mafengwo.cn/gonglve/ziyouxing/132606.html
内蒙古,http://www.mafengwo.cn/gonglve/ziyouxing/14892.html
内蒙古,http://www.mafengwo.cn/gonglve/ziyouxing/14892.html
内蒙古,http://www.mafengwo.cn/gonglve/ziyouxing/14892.html
东北,http://www.mafengwo.cn/gonglve/ziyouxing/81258.html
东北,http://www.mafengwo.cn/gonglve/ziyouxing/81258.html
东北,http://www.mafengwo.cn/gonglve/ziyouxing/81258.html
东北,http://www.mafengwo.cn/gonglve/ziyouxing/25768.html
东北,http://www.mafengwo.cn/gonglve/ziyouxing/25768.html
东北,http://www.mafengwo.cn/gonglve/ziyouxing/25768.html
东北,http://www.mafengwo.cn/gonglve/ziyouxing/207223.html
东北,http://www.mafengwo.cn/gonglve/ziyouxing/207223.html
东北,http://www.mafengwo.cn/gonglve/ziyouxing/207223.html
